1790124128,6,13,7,11,11,7,73,45,1.07,-A-A,1
1790036470,8,13,8,20,12,5,99,50,1.52,AAA-,1
1790034170,8,9,13,15,17,1,70,20,0.87,AAA-,1
1790031473,5,8,13,14,19,3,71,71,0.93,A-A-,1
1789948078,2,4,13,11,13,3,73,45,0.9,AAAA,1
1789946239,3,2,13,15,12,1,95,47,1.35,AAAA,1
1789852334,8,13,3,13,11,5,95,38,1.34,----,1
1789850742,8,13,4,8,10,2,50,38,0.85,----,1
1789794679,2,13,7,23,12,3,105,57,1.68,AA-A,1
1789773428,8,13,9,16,14,4,87,88,1.15,A---,1
1789771124,3,9,13,11,16,4,64,55,0.83,AA--,1
1789347577,3,8,13,15,19,4,72,33,0.9,AAA-,1
1789345397,8,7,13,14,16,2,86,50,1.01,AAA-,1
1789321555,9,13,5,19,9,3,103,47,1.75,-A-A,1
1789316702,2,8,13,19,15,6,101,37,1.42,-A-A,1
1788814940,9,16,14,27,23,5,90,48,1.3,AAA-,1
1788802098,8,13,10,26,15,3,108,65,1.73,AAAA,1
1788798599,9,9,13,14,14,0,67,36,0.89,A-A-,1
1788790191,3,13,7,21,12,6,111,67,1.7,A-A-,1
1788754323,2,11,13,15,15,2,71,60,0.91,AAAA,1
1788752620,8,4,13,13,13,1,69,77,0.98,AAAA,1
1788749872,5,13,11,18,18,7,93,78,1.25,AAAA,1
1788747507,3,10,13,11,16,3,53,64,0.8,AAAA,1
1788743222,5,5,13,14,16,3,82,57,1.03,AAA-,1
1788739783,2,8,13,19,16,1,96,47,1.21,AAA-,1
1788637691,2,16,12,22,19,5,90,64,1.27,--A-,1
1788586238,2,16,13,31,16,2,94,42,1.56,AA-A,1
1788583710,7,13,10,21,16,8,105,48,1.43,AA-A,1
1788581211,5,13,11,25,15,8,102,20,1.58,AA-A,1
1788578449,8,13,9,24,12,9,109,42,1.78,AA-A,1
1788575845,2,7,13,12,17,7,83,67,0.91,AA-A,1
1788573293,7,6,13,15,15,8,88,47,1.27,AA-A,1
1788567584,9,13,4,21,11,5,120,67,1.81,A--A,1
1788564659,9,7,13,9,18,3,53,56,0.56,-A-A,1
1788374015,9,13,9,15,12,5,78,60,1.17,----,1
1788285836,2,13,9,14,15,4,60,43,1.1,----,1
1788137638,9,5,13,17,15,3,106,47,1.41,AAAA,1
1788134742,7,10,13,10,16,5,58,40,0.72,AAA-,1
1787969968,5,13,11,15,15,7,76,40,1.16,AA-A,1
1787968199,5,13,4,21,10,6,110,43,1.81,AA-A,1
1787702569,8,7,13,11,14,2,61,55,0.89,A---,1
1787700895,2,13,4,16,7,2,86,63,1.55,A---,1
1787533648,2,13,11,19,15,4,80,42,1.27,A-A-,1
1787531601,5,6,13,11,15,3,73,36,0.82,A-A-,1
1787431456,9,13,9,14,14,4,72,43,1.03,----,1
1787429319,8,13,7,24,11,1,108,54,1.75,----,1
1787427982,9,13,1,12,6,0,73,67,1.44,----,1
1787364193,8,11,13,15,17,4,65,47,1,AAA-,1
1786824069,3,13,5,17,10,2,83,47,1.52,A---,1
1786747443,8,12,16,21,17,3,76,57,1.14,A-A-,1
1786744788,3,8,13,23,15,7,126,52,1.77,A---,1
1786318025,9,16,14,38,15,3,114,42,1.93,A-A-,1
1785961440,6,14,16,14,25,7,58,57,0.8,----,0
1785878472,5,13,4,16,7,1,77,56,1.56,----,0
1785111172,8,11,13,21,15,5,79,48,1.31,AAA-,0
1785109161,3,13,4,19,7,1,111,42,1.87,AAA-,0
1785033250,7,2,13,6,12,1,69,50,0.5,A-A-,0
1784592858,8,7,13,12,15,3,57,50,0.79,A-A-,0
1784590436,7,13,5,10,12,8,78,60,1.02,A-A-,0
1784508249,5,14,16,23,21,7,88,65,1.18,A-A-,0
1784506075,2,13,7,16,14,6,83,81,1.2,A-A-,0
1784408316,8,6,13,16,16,4,81,56,1.28,A-A-,0
1784399657,9,13,10,20,16,2,79,65,1.25,A---,0
1784334840,5,13,7,22,11,4,117,59,1.78,A---,0
1784237994,8,7,13,7,15,1,39,71,0.54,A---,0
1784236470,7,13,1,11,7,5,83,18,1.52,A---,0
1784234098,2,10,13,14,18,4,58,29,0.89,A---,0
1784154348,9,6,13,10,17,3,61,40,0.64,A---,0
1783794506,5,10,13,20,19,4,104,80,1.24,A-A-,0
1783791928,5,13,8,27,12,5,120,52,1.98,A-A-,0
1783642238,8,13,9,19,15,5,98,42,1.32,AAA-,0
1783640466,5,4,13,8,14,5,62,63,0.78,AAA-,0
1782596896,8,6,13,7,15,5,55,57,0.55,A-A-,1
1782594292,8,11,13,25,15,5,103,52,1.6,A-A-,1
1782591207,10,8,13,13,14,3,80,54,1,A---,1
1781977520,9,16,14,20,23,4,72,30,0.94,A-A-,1
1781974448,8,15,15,20,22,13,81,50,1.14,A-A-,1
1781829508,11,3,13,9,15,1,68,56,0.5,AA--,0
1781827781,7,2,13,6,15,7,68,17,0.58,AA--,1
1781825040,8,13,10,23,17,8,113,52,1.51,A---,1
1781484283,10,13,10,27,15,7,112,37,1.73,AAA-,1
1781482034,10,8,13,15,19,4,85,47,0.91,AAA-,1
1781221849,9,6,13,20,17,3,98,55,1.41,A-A-,1
1780712043,9,13,6,19,10,4,105,58,1.66,A-A-,1
1780709295,7,6,13,22,15,1,102,59,1.56,A-A-,1
1780590800,2,10,13,19,16,3,89,47,1.25,A-A-,1
1780587716,7,13,6,23,10,5,116,48,1.85,A-A-,1
1780175513,2,13,10,11,19,7,70,45,0.8,A-A-,1
1780173233,3,13,9,18,16,4,99,33,1.32,A-A-,1
1780170584,2,4,13,4,14,1,41,25,0.22,A---,1
1779845720,9,9,13,21,14,2,82,48,1.29,A---,1
1779843167,9,4,13,14,15,2,83,50,0.97,A-A-,1
1779811067,2,16,14,28,22,7,96,64,1.38,A---,1
1779805462,8,13,2,11,5,7,72,36,1.48,A---,1
1779662505,7,13,3,16,3,1,83,44,1.75,A---,1
1779654903,10,13,4,17,8,4,109,24,1.7,A---,1
1779652269,3,6,13,16,14,3,81,50,1.18,A---,1
1779635913,6,2,13,6,14,5,63,50,0.64,A---,1
1779575450,7,15,15,25,21,13,103,68,1.4,A---,1
1779565787,10,13,7,26,12,6,128,69,1.97,A---,1
1779403080,10,16,13,17,23,10,74,59,0.98,A-A-,1
1779400641,8,8,13,17,17,2,88,82,1.12,A-A-,1
1779319845,5,13,11,16,17,4,84,63,1.04,----,0
1779028247,2,13,16,19,21,7,62,53,1.03,A---,1
1778982043,3,13,6,23,9,3,126,57,1.94,A-A-,1
1778979982,2,13,8,27,12,2,118,56,1.89,A-A-,1
1778938799,7,13,11,31,15,4,121,48,1.87,A-A-,1
1778936644,2,13,4,15,7,4,90,67,1.57,A-A-,1
1778899875,10,7,13,19,15,5,93,42,1.36,A-A-,1
1778804772,9,11,13,14,21,9,75,57,0.9,A---,1
1778802579,8,13,6,19,12,5,94,42,1.62,A---,1
1778799620,7,13,11,22,17,6,93,64,1.39,A---,1
1778706791,5,13,9,13,16,2,66,46,0.81,----,0
1778705300,5,13,3,11,4,1,76,27,1.42,----,0
1778459648,7,11,13,22,17,10,111,41,1.49,A-A-,1
1778457098,10,13,11,24,13,8,101,46,1.67,A-A-,1
1778421567,8,13,7,16,8,6,96,56,1.51,A---,1
1777851508,10,13,16,17,23,11,76,35,0.99,A-A-,1
1777848623,9,10,13,23,17,2,98,22,1.34,A---,1
1777842414,2,13,9,20,13,6,91,50,1.46,A-A-,1
1777672869,10,13,5,16,10,2,87,63,1.44,A---,1
1777671272,8,3,13,8,16,3,67,63,0.56,A---,1
1777604951,9,13,5,21,10,4,108,67,1.8,A-A-,1
1777602431,7,13,11,18,20,8,84,44,1.09,A-A-,1
1777599924,5,13,11,18,18,8,86,33,1.21,A-A-,0
1777139472,7,13,9,16,15,7,94,81,1.27,A---,1
1777134740,2,13,8,16,10,2,82,50,1.27,A---,1
1777068517,8,4,13,7,15,1,50,86,0.46,--A-,1
1776989880,3,11,13,14,17,6,72,36,0.97,A---,1
1776986394,7,13,9,28,13,5,120,43,1.86,A---,1
1776739829,8,13,11,18,16,4,82,28,1.1,A-A-,1
1776737296,3,13,9,25,13,2,109,48,1.66,A-A-,1
1776645444,10,13,11,25,15,4,110,72,1.62,A-A-,1
1776037258,8,6,13,8,17,5,62,38,0.56,A-A-,1
1775433578,10,13,7,26,10,3,117,50,1.86,A-A-,1
1775196151,8,8,13,18,17,3,85,33,1.15,A---,1
1775175981,10,14,16,28,22,1,93,43,1.32,A---,1
1774830927,8,4,13,11,16,4,59,73,0.81,A-A-,1
1774828589,9,7,13,14,15,6,81,64,1.08,A-A-,1
1774825757,7,11,13,19,21,8,105,47,1.21,A-A-,1
1774735781,6,13,2,13,10,6,97,38,1.4,----,1
1774659930,6,7,13,14,16,5,93,64,1.01,A-A-,1
1774656970,7,13,11,19,14,9,82,58,1.35,A---,1
1774655538,8,13,1,11,4,0,74,45,1.57,A-A-,1
1774570914,2,9,13,17,19,3,68,59,0.97,A---,1
1774568384,8,10,13,15,18,6,70,27,1,A---,1
1774565836,8,13,9,12,14,5,65,42,0.96,A---,1
1774225583,10,13,4,13,9,0,66,54,1.13,A---,1
1774223021,2,13,9,23,11,3,105,61,1.66,A---,1
1773449617,8,13,9,21,13,5,99,62,1.62,A-A-,1
1773447132,10,11,13,20,18,3,86,55,1.19,A-A-,1
1773445037,6,2,13,8,12,1,58,50,0.63,A-A-,1
1773361739,7,6,13,8,17,2,42,50,0.44,A---,1
1773358593,8,16,13,18,15,5,59,50,1.09,A---,1
1773183840,8,13,5,16,6,1,80,75,1.57,----,1
1773015170,10,10,13,10,21,11,78,50,0.7,AAA-,1
1773012716,3,10,13,21,19,5,87,67,1.26,AAA-,1
1773007486,7,16,14,25,20,4,82,64,1.32,--A-,1
1772979713,3,13,16,22,21,4,76,45,1.07,A---,1
1772756862,2,13,16,18,21,6,74,72,0.95,A---,1
1772753310,10,14,16,27,19,6,93,56,1.34,A---,1
1772585583,9,13,7,17,11,3,78,65,1.4,A---,1
1772582450,8,16,13,16,20,2,53,50,0.83,A---,1
1772580183,10,13,5,13,13,7,75,46,1.2,A---,1
1772239827,9,16,13,16,21,8,60,50,0.88,A-A-,1
1772236863,9,13,11,28,14,5,111,57,1.75,A---,1
1771805726,10,7,13,11,15,3,63,73,0.83,A-A-,1
1771712721,8,6,13,13,16,4,68,54,0.91,A-A-,1
1771709489,7,6,13,16,15,4,102,69,1.18,A-A-,1
1771707274,10,9,13,12,18,7,66,50,0.95,A---,1
1771639608,9,15,15,30,23,7,110,57,1.51,A-A-,1
1771636075,10,16,12,22,23,4,71,55,1.07,A-A-,1
1771632662,8,16,14,21,21,11,74,62,1.11,A-A-,1
1771548754,8,14,16,25,19,6,82,52,1.2,A-A-,1
1771546818,10,4,13,11,13,2,78,73,0.95,A-A-,1
1771544974,9,2,13,12,14,2,79,50,0.97,A-A-,1
1771288036,10,13,7,16,9,3,62,38,1.28,A---,1
1771285684,3,13,9,14,17,9,73,36,0.98,A---,1
1771283276,9,13,7,17,10,5,92,76,1.37,A---,1
1771200467,8,13,7,18,10,3,85,28,1.38,A---,1
1771035269,2,4,13,17,14,2,88,71,1.39,-A--,1
1771032843,8,7,13,18,16,2,89,50,1.23,AA--,1
1771030116,9,13,9,18,14,8,90,61,1.43,A---,1
1770940479,2,13,11,27,15,5,103,37,1.7,A-A-,1
1770937759,8,10,13,16,18,4,79,44,0.97,--A-,1
1770768530,2,10,13,23,16,5,97,39,1.47,A-A-,1
1770765925,8,13,8,29,10,2,122,55,2.11,--A-,1
1770591671,2,13,7,21,13,6,103,43,1.58,A-A-,1
1770248565,6,8,13,21,17,3,99,43,1.25,AAA-,1
1770245852,9,13,9,31,12,1,131,65,2.05,A-A-,1
1770244196,9,3,13,16,14,1,82,50,1.19,A-A-,0
1770162610,2,13,8,23,11,5,120,65,1.84,A-A-,0
1770077319,9,13,8,22,11,7,110,68,1.68,A-A-,0
1769734056,9,13,3,23,6,3,131,39,2.19,A-A-,0
1769730429,8,16,14,18,21,8,75,44,0.99,A---,0
1769728463,10,5,13,14,13,3,82,36,1.04,A---,0
1769559890,6,10,13,10,18,1,46,50,0.49,A---,0
1769557600,3,2,13,10,12,1,57,50,0.89,A-A-,0
1769468214,10,13,10,16,17,3,70,56,1.02,A-A-,0
1769465749,7,9,13,20,15,3,70,55,1.26,A-A-,0
1769290765,3,5,13,11,16,1,68,45,0.92,A-A-,0
1769287943,8,7,13,25,15,5,127,48,1.73,A-A-,0
1769207444,6,9,13,9,18,7,69,67,0.74,A---,0
1769205068,6,13,6,12,12,5,68,50,1.02,A---,0
1769203213,8,13,5,13,7,5,71,46,1.31,A---,0
1769129218,6,13,7,25,11,3,121,40,1.88,A-A-,0
1769127388,6,13,3,10,6,5,72,40,1.31,A-A-,0
1768866151,8,13,7,21,11,11,119,48,1.78,A-A-,1
1768862836,11,12,16,26,21,9,91,62,1.34,A-A-,1
1768783805,10,13,4,30,7,2,163,47,2.64,AAA-,1
1768781127,9,10,13,21,17,2,92,86,1.34,AAA-,1
1768779380,2,4,13,5,15,1,30,60,0.25,A-A-,1
1768691501,8,9,13,24,17,5,112,58,1.65,A-A-,1
1768689574,6,5,13,18,14,2,97,50,1.33,A-A-,1
1768437154,10,13,9,19,14,6,101,63,1.36,A-A-,1
1768434747,2,13,7,15,13,4,84,73,1.24,A-A-,1
1768432262,2,13,10,22,12,3,96,45,1.38,A-A-,1
1768350482,7,13,6,21,12,6,115,71,1.71,--A-,1
1768264688,2,13,7,26,10,6,132,42,1.97,AAA-,1
1768261851,11,13,7,19,11,5,98,79,1.45,A-A-,1
1768177463,2,13,5,15,9,1,84,80,1.37,A-A-,1
1768174767,10,7,13,11,13,7,73,91,0.87,A---,1
1768002182,9,15,15,34,21,8,111,50,1.62,A---,1
1767832202,11,13,9,26,10,5,106,77,1.84,A-A-,1
1767830414,10,13,3,11,5,3,60,45,1.35,A-A-,1
1767827404,10,13,8,19,12,5,93,58,1.39,A-A-,1
1767744120,2,13,9,18,15,4,77,61,1.18,A-A-,1
1767656286,9,3,13,13,14,2,80,15,1.03,A-A-,1
1767653095,10,13,11,29,15,4,117,52,1.75,A-A-,1
1767501354,6,13,4,13,10,2,69,69,1.21,--A-,1
1767468957,11,12,16,25,20,3,84,40,1.21,-A--,1
1767467226,2,5,13,15,16,4,87,53,1.15,-AA-,1
1767410432,9,11,13,28,15,2,84,36,1.6,AAA-,1
1767408506,2,7,13,19,15,4,101,74,1.38,AAA-,1
1767397981,8,5,13,16,14,2,89,63,1.16,A---,1
1767396014,9,13,5,28,10,1,134,68,2.2,A---,1
1767216517,7,8,13,14,15,5,78,50,1.16,A---,1
1767133953,6,13,11,20,16,4,107,55,1.4,A-A-,1
1767131416,8,6,13,18,16,3,109,78,1.27,A---,1
1765933810,10,8,13,16,17,0,84,38,1.02,A---,1
1765931777,9,5,13,18,14,3,101,56,1.35,A---,1
1765929678,6,5,13,18,16,2,105,44,1.25,A---,1
1765591017,10,15,15,22,23,7,83,41,1.07,AA--,1
1765502806,2,13,11,18,15,2,80,50,1.13,AAA-,1
1765499848,8,10,13,27,15,7,118,70,1.72,A-A-,1
1765496010,2,2,13,8,15,4,66,50,0.62,A---,1
1765494494,11,13,2,15,5,6,107,53,1.82,A---,1
1765327828,7,3,13,7,15,1,48,43,0.56,A-A-,1
1765319497,9,13,11,17,17,1,77,59,1.04,A-A-,1
1765057893,10,11,13,21,19,3,93,71,1.23,A---,1
1764988616,7,13,10,24,13,4,104,42,1.53,--A-,1
1764985906,10,6,13,14,18,5,94,79,1.03,A-A-,1
1764980844,10,7,13,15,15,7,98,60,1.21,A-A-,1
1764811989,9,9,13,23,15,4,98,57,1.44,A-A-,1
1764809356,10,13,8,25,14,5,101,52,1.75,A---,1
1764638397,8,11,13,17,17,3,68,24,1.14,-AA-,1
1764636011,2,13,9,20,13,4,71,55,1.38,--A-,1
1764549752,11,13,10,23,13,7,112,70,1.66,AAA-,1
1764548085,8,3,13,13,13,4,96,54,1.27,AAA-,1
1764545928,6,5,13,17,15,2,78,59,1.23,AAA-,1
1764208797,2,13,8,14,14,5,62,50,1,--A-,1
1764206758,9,7,13,10,15,4,66,60,0.73,--A-,1
1763835077,10,9,13,15,19,2,80,73,0.89,--A-,1
1763831651,2,16,13,30,20,9,112,57,1.59,--A-,1
1763605259,8,13,10,23,16,3,92,57,1.44,A-A-,1
1763603203,10,13,2,22,4,4,151,59,2.44,A-A-,1
1763338311,6,10,13,22,17,3,82,50,1.32,AAA-,1
1763334990,9,16,12,28,21,5,106,61,1.47,A---,1
1763332422,10,13,8,22,11,3,103,59,1.63,A---,1
1763172850,10,13,8,18,12,5,71,67,1.38,AAA-,1
1763170276,2,10,13,23,15,4,98,57,1.58,AAA-,1
1763167241,8,6,13,11,15,1,60,55,0.69,A-A-,1
1763084475,9,13,10,26,19,4,108,46,1.61,AAA-,1
1763081285,2,11,13,16,16,5,76,56,1.04,A---,1
1763078629,6,11,13,20,18,4,89,70,1.24,A---,1
1762472114,2,13,10,19,13,2,73,42,1.23,A---,1
1762470239,8,13,1,22,3,2,128,41,2.47,A---,1
1762130178,2,11,13,23,17,4,79,78,1.31,A-A-,1
1761868487,10,11,13,20,16,7,99,55,1.39,A-A-,1
1761865682,2,16,14,22,19,6,80,50,1.18,A-A-,1
1761862849,10,13,2,15,6,5,100,27,1.76,A-A-,1
1761769488,7,13,7,19,12,6,92,47,1.59,----,1
1761690093,8,13,3,12,8,7,94,33,1.44,----,1
1761521713,10,3,13,7,13,1,53,71,0.64,AAA-,1
1761519403,2,8,13,19,17,6,105,42,1.34,AA--,1
1761411700,6,9,13,19,18,3,91,58,1.15,A-A-,1
1761409387,8,6,13,14,13,1,83,50,1.11,--A-,1
1761406067,2,14,16,22,22,5,65,36,1.02,--A-,1
1761359727,8,10,13,16,18,7,82,38,1.02,AAA-,1
1761357348,9,13,7,19,13,6,104,58,1.49,AAA-,1
1761353999,10,16,14,24,19,7,78,58,1.3,AAA-,1
1761352373,8,3,13,9,14,3,83,33,0.87,AAA-,1
1761265562,9,5,13,13,14,4,81,62,1,-AA-,1
1761263169,10,13,7,26,8,3,130,46,2.07,-AA-,1
1761176615,9,13,8,23,14,5,90,48,1.57,A---,1
1760912458,8,4,13,9,15,1,72,67,0.76,A-A-,1
1760826781,9,13,2,12,7,4,94,58,1.52,A---,1
1760809753,10,11,13,16,22,10,87,69,1,A---,1
1760392995,2,8,13,17,17,2,69,47,1.16,--A-,1
1760316086,10,6,13,17,14,2,88,71,1.28,A-A-,1
1760314048,8,13,7,19,8,5,104,74,1.66,A-A-,1
1760311305,11,13,7,15,13,4,71,80,1.09,A-A-,1
1760199466,8,11,13,23,18,5,103,70,1.46,--A-,1
1760149020,9,7,13,24,16,4,125,46,1.65,AAA-,1
1760145770,8,14,16,33,20,3,92,30,1.46,AAA-,1
1760143998,2,13,3,14,11,5,93,57,1.52,A-A-,1
1760142096,8,13,5,11,10,1,58,55,0.9,A-A-,1
1760046143,8,10,13,22,15,5,92,59,1.44,----,0
1759868570,10,11,13,17,17,8,86,41,1.13,----,1
1759699955,2,13,8,17,14,6,89,65,1.39,AA--,1
1759605094,8,13,8,15,14,6,97,67,1.23,A---,1
1759602424,7,9,13,19,15,4,87,58,1.14,A---,1
1759547197,7,13,9,24,17,2,103,33,1.5,A-A-,1
1759544880,9,13,7,15,12,4,76,67,1.21,A-A-,1
1759521177,9,13,11,23,16,8,113,61,1.46,AA--,1
1759093667,11,9,13,20,17,4,89,55,1.24,A---,1
1759090567,9,13,16,28,20,5,102,46,1.38,A---,1
1758993808,8,9,13,15,18,8,89,47,1.11,AA--,1
1758992005,11,6,13,12,13,2,82,58,0.83,AA--,1
1758844717,6,9,13,9,18,9,64,67,0.69,A---,1
1758842769,7,13,2,13,7,4,104,92,1.51,A---,1
1758496549,9,13,6,18,9,3,102,56,1.55,AAA-,1
1758494284,2,13,7,19,12,3,102,42,1.5,AA--,1
1758491399,6,8,13,31,15,3,141,58,2.09,A-A-,1
1758336517,10,8,13,21,15,5,97,52,1.48,A-A-,1
1758334617,6,13,4,12,6,3,57,50,1.38,A-A-,1
1758333077,2,13,2,22,4,1,129,50,2.3,A-A-,1
1758314653,8,15,15,23,23,5,89,65,1.11,A---,1
1757968779,10,13,11,15,14,6,77,47,1.02,----,1
1757886886,11,0,13,8,13,3,93,38,0.84,AAA-,1
1757877211,9,13,7,17,13,5,91,59,1.36,A---,1
1757874642,2,13,11,27,19,5,115,56,1.56,A-A-,1
1757809280,8,16,14,36,20,8,130,33,1.76,AA--,1
1757714881,8,16,12,27,16,8,103,52,1.56,A---,1
1757707652,2,13,9,15,14,8,84,53,1.22,-A--,1
1757536288,7,2,13,6,14,4,60,50,0.48,----,1
1757449612,8,13,2,17,6,2,92,41,1.83,----,1
1757292338,10,13,8,15,12,2,64,67,1.19,AAA-,1
1757290511,8,13,6,21,11,2,99,57,1.66,AAA-,1
1757288651,9,6,13,16,18,5,93,44,1.12,AAA-,1
1757191661,7,13,11,32,15,9,124,69,1.93,A---,1
1757118861,6,7,13,16,16,3,84,69,1.09,A---,1
1757115597,10,8,13,21,15,7,104,57,1.48,A---,1
1756759178,8,13,3,18,10,4,108,61,1.63,----,1
1756690459,9,8,13,15,18,5,83,60,1.11,AAA-,1
1756687494,2,9,13,20,16,6,100,40,1.31,AAA-,1
1756525374,11,13,6,13,12,4,77,46,1.09,AA--,1
1756511919,6,13,6,17,12,3,98,53,1.41,A---,1
1756509421,8,13,7,17,9,6,95,35,1.48,A---,1
1756339510,7,13,7,17,12,7,96,59,1.45,A---,1
1756337214,11,10,13,18,18,8,86,72,1.21,A---,1
1756244651,2,13,6,17,14,7,83,47,1.29,A---,1
1756242672,8,6,13,20,13,3,100,65,1.53,A---,1
1756170710,8,8,13,13,19,4,71,46,0.75,-A--,1
1756169174,2,4,13,12,16,1,87,92,0.85,-A--,1
1755970490,9,8,13,24,14,3,99,63,1.66,--A-,1
1755967412,7,10,13,29,16,3,123,31,1.77,A---,1
1755810894,8,13,9,19,17,5,101,53,1.25,----,1
1755474813,7,5,13,14,13,6,93,57,1.18,AA--,1
1755471585,2,16,14,37,22,7,127,41,1.83,AA--,1
1755465003,9,13,10,16,17,1,59,38,0.88,-AA-,1
1755462549,6,8,13,22,15,6,117,64,1.56,-AA-,1
1754872940,7,10,13,18,15,6,114,50,1.33,AAA-,1
1754868189,2,13,7,26,9,5,118,46,2.05,AAA-,1
1754860493,8,7,13,8,18,9,69,88,0.64,-A--,1
1754695848,2,13,8,11,13,4,57,36,0.92,A---,1
1754694224,11,13,2,23,5,4,145,43,2.39,A---,1
1754686766,2,6,13,22,14,0,97,59,1.41,----,1
1754682895,9,13,9,25,13,4,108,60,1.73,-A--,1
1754602201,6,9,13,12,14,3,63,25,0.81,----,1
1754599977,8,13,6,18,10,3,86,67,1.55,----,1
1754267729,9,11,13,22,17,6,103,45,1.3,AAA-,1
1754265285,8,13,10,27,13,3,107,52,1.77,AAA-,1
1754259840,8,5,13,18,15,6,128,44,1.5,AAA-,1
1754163968,10,13,10,22,14,6,84,23,1.44,--A-,1
1754160679,11,13,10,20,16,7,97,60,1.36,AA--,1
1754082292,6,1,13,12,13,1,75,25,1.03,A---,1
1754007824,8,9,13,26,17,5,115,54,1.67,AAA-,1
1754005386,6,8,13,13,16,2,65,77,0.9,AAA-,1
1754002785,7,6,13,19,15,4,112,53,1.47,AAA-,1
1753832496,6,6,13,11,14,3,66,36,0.86,AAA-,1
1753829832,11,11,13,29,17,3,110,41,1.59,AAA-,1
1753825378,6,7,13,15,16,3,84,53,1.05,AA--,1
1753823166,2,7,13,13,16,2,79,62,0.91,AA--,1
1753749641,10,6,13,16,15,3,86,75,1.32,-AA-,1
1753747174,11,13,11,18,16,9,93,61,1.18,-AA-,1
1753745677,9,13,5,14,10,2,85,71,1.34,-AA-,1
1753743368,6,13,8,17,10,4,91,47,1.42,-AA-,1
1753663437,9,13,11,20,18,7,96,70,1.27,-AA-,1
1753661375,10,13,4,18,7,5,101,44,1.85,-AA-,1
1753658816,10,9,13,18,14,4,75,44,1.29,-AA-,1
1753560559,10,3,13,19,13,2,118,63,1.65,-AA-,1
1753558890,9,13,3,22,7,2,131,59,2.14,-A--,1
1753557213,8,2,13,10,13,2,67,80,0.85,-A--,1
1753497820,9,9,13,17,19,5,76,65,1.11,AAA-,1
1753495457,11,13,10,29,15,8,145,69,1.98,AAA-,1
1753492172,10,6,13,25,15,2,132,52,1.84,AAA-,1
1753490013,10,13,7,12,12,8,80,58,1.11,A-A-,1
1753488200,2,13,3,7,10,3,59,43,0.96,A---,0
1753400793,6,4,13,13,12,1,67,69,0.92,AAA-,0
1753399263,9,1,13,6,14,1,53,67,0.39,AAA-,0
1753397121,10,7,13,14,15,7,92,64,1.04,-A--,0
1753230634,6,10,13,15,16,4,83,73,1.02,-AA-,0
1753228860,10,13,4,16,10,3,90,38,1.52,-AA-,0
1753138452,6,13,8,14,10,4,70,36,1.19,-AA-,0
1753057618,6,9,13,23,13,2,110,61,1.58,AAA-,0
1753055141,8,7,13,16,14,2,90,31,1.16,AAA-,0
1752964609,9,13,11,29,15,3,129,72,1.79,A-A-,0
1752948404,9,7,13,14,15,4,78,64,1.09,A---,0
1752897788,6,13,10,20,15,6,85,75,1.34,-A--,0
1752885820,10,7,13,12,15,3,67,67,0.93,AA--,0
1752882642,9,3,13,10,15,2,66,40,0.6,AA--,0
1752879844,10,5,13,16,14,5,102,63,1.26,-AA-,0
1752869775,8,4,13,8,15,2,62,63,0.69,-A--,0
1752716602,9,13,7,18,17,6,99,39,1.29,AAA-,0
1752713952,10,13,7,24,12,7,134,54,1.84,AAA-,0
1752711726,6,13,8,19,9,1,78,63,1.5,AAA-,0
1752626831,10,13,10,21,15,5,102,43,1.4,AAA-,0
1752539854,6,3,13,15,14,1,103,53,1.11,AAA-,0
1752532676,6,16,13,33,19,10,126,73,1.8,AAA-,1
1752455517,9,13,11,20,18,9,100,70,1.33,A-A-,1
1752453404,6,13,6,18,9,3,86,50,1.54,AAA-,1
1752450949,3,13,11,31,16,4,125,58,1.64,AAA-,1
1752447770,8,10,13,18,17,5,101,50,1.14,-AA-,1
1752444997,8,5,13,17,15,2,104,59,1.27,-AA-,1
1752357469,6,13,7,28,12,7,144,50,2.08,A-A-,1
1752352620,11,5,13,7,16,7,64,57,0.74,A---,1
1752340086,9,16,13,34,19,7,117,59,1.82,AA--,1
1752337592,6,9,13,19,16,6,97,53,1.26,AA--,1
1752290618,2,5,13,14,15,3,93,71,1.18,AAA-,1
1752288967,8,3,13,7,15,3,56,86,0.51,AAA-,1
1752287196,11,3,13,11,14,3,85,55,1.04,AAA-,1
1752284206,6,3,13,14,14,5,102,43,1.13,AAA-,1
1752281676,8,13,9,14,15,5,74,21,1.18,AA--,1
1752279393,9,13,8,19,15,9,99,26,1.53,AA--,1
1752267946,8,13,9,24,13,7,97,54,1.61,A---,1
1752264282,6,4,13,15,14,2,93,60,1.22,AA--,1
1752108087,9,13,11,17,18,8,80,29,1.24,AAA-,1
1752105226,6,13,11,12,19,11,83,42,0.91,AAA-,1
1752101916,3,6,13,11,14,5,63,73,0.9,-AA-,1
1752099488,9,8,13,20,17,5,96,65,1.24,-AA-,1
1752020404,9,13,9,19,12,6,109,63,1.43,AA--,1
1752017478,6,13,7,20,15,4,108,30,1.48,AA--,1
1751933770,2,13,4,18,7,5,110,56,1.88,AA--,1
1751931250,3,11,13,21,17,4,93,86,1.31,AA--,1
1751929141,9,13,6,21,12,7,125,57,1.82,AA--,1
1751848305,3,13,7,21,13,6,115,52,1.65,AA--,1
1751846518,6,7,13,24,15,4,123,58,1.63,AA--,1
1751844247,11,13,9,21,13,5,108,43,1.51,AA--,1
1751748226,2,8,13,15,14,2,67,47,0.97,A---,1
1751745035,11,15,15,28,19,5,87,46,1.35,A---,1
1751740040,8,14,16,31,20,4,98,55,1.57,A---,1
1751736663,8,14,16,22,23,8,81,41,1.07,A---,1
1751734125,6,13,7,21,16,6,119,57,1.47,A---,1
1751684292,7,10,13,26,14,4,118,54,1.66,AA--,1
1751681950,3,9,13,18,17,3,95,50,1.15,AA--,1
1751589982,9,11,13,25,17,3,98,60,1.5,-A--,1
1751504533,6,13,8,22,13,4,106,59,1.56,AA--,1
1751501839,3,13,5,16,10,2,78,63,1.33,A---,1
1751499709,6,13,4,19,7,3,90,47,1.77,A---,1
1751417888,6,16,14,23,21,8,87,70,1.25,AA--,1
1751414041,2,11,13,18,16,5,75,50,1.11,AA--,1
1751336134,9,9,13,17,15,4,87,47,1.2,AA--,1
1751333395,3,13,11,16,15,8,81,44,1.15,AA--,1
1751331208,11,9,13,23,17,5,113,83,1.51,AA--,1
1751243411,3,10,13,20,18,4,84,45,1.26,AA--,1
1751241449,11,3,13,11,15,3,73,45,0.87,AA--,1
1751239087,2,9,13,21,15,5,111,52,1.37,AA--,1
1751236540,11,11,13,12,14,4,66,50,0.84,AA--,1
1751139712,7,13,8,15,10,6,77,53,1.34,A---,1
1751132108,2,13,8,20,13,2,93,35,1.36,A---,1
1751077712,11,13,11,12,14,4,66,83,0.87,A---,1
1751074795,2,16,12,36,14,5,115,56,1.9,A---,1
1751071819,2,16,13,29,18,2,91,66,1.41,AA--,1
1750986204,8,13,10,25,12,6,114,60,1.76,AA--,1
1750983857,11,13,9,22,16,11,115,55,1.63,AA--,1
1750980743,7,16,12,32,20,6,115,59,1.59,AA--,1
1750811358,3,13,6,13,10,7,83,31,1.3,AA--,1
1750808969,8,13,7,18,11,8,109,56,1.57,AA--,1
1750806874,11,13,6,23,10,2,115,61,1.83,AA--,1
1750803854,8,13,6,25,10,1,110,56,1.9,-A--,1
1750800884,2,6,13,21,15,1,96,38,1.42,-A--,1
1750729258,8,13,7,20,12,5,118,30,1.6,-A--,1
1750727177,3,13,3,16,7,7,122,56,1.78,-A--,1
1750724782,7,13,7,14,13,3,81,50,1.19,-A--,1
1750720897,3,15,15,34,21,7,120,53,1.65,-A--,1
1750636132,2,13,11,26,20,8,120,73,1.59,AA--,1
1750631857,11,15,15,32,19,4,95,25,1.48,A---,1
1750622081,11,7,13,16,16,3,66,44,1.04,A---,1
1750619633,3,8,13,21,13,3,81,52,1.43,AA--,1
1750617940,9,13,0,16,4,4,129,81,2.15,A---,1
1750449704,6,11,13,16,18,2,89,25,1,----,1
1750360433,11,6,13,19,16,4,110,58,1.36,AA--,1
1750358239,2,7,13,16,15,1,78,69,1.13,AAA-,1
1750356156,9,13,7,20,13,5,112,45,1.59,AAA-,1
1750306822,9,13,8,15,16,5,74,67,1.06,AAA-,1
1750303791,7,11,13,29,18,4,118,55,1.66,AAA-,1
1750301539,9,13,8,16,11,6,90,50,1.32,AAA-,1
1750298664,6,9,13,17,17,5,86,41,1.09,A---,1
1750195394,9,13,16,28,20,8,111,54,1.45,A---,1
1750034730,9,14,16,39,21,4,133,49,1.82,AAA-,1
1750032390,8,5,13,14,13,2,88,64,1.14,AAA-,1
1750030462,9,13,6,22,9,8,130,41,2.01,AAA-,1
1750028200,11,6,13,16,14,2,80,44,1.21,AA--,1
1749958724,11,11,13,27,19,6,123,48,1.68,AA--,1
1749956711,8,4,13,14,15,6,97,57,1.22,AA--,1
1749954753,11,13,8,25,13,5,122,56,1.78,AA--,1
1749950336,9,16,12,27,19,5,91,52,1.43,AA--,1
1749947129,6,16,13,28,20,7,100,57,1.38,-A--,1
1749943968,8,13,11,19,14,2,79,16,1.28,-A--,1
1749845325,8,13,11,22,16,8,110,59,1.47,-A--,1
1749779632,3,13,5,16,8,3,91,56,1.48,-A--,1
1749776146,7,15,15,26,21,6,84,46,1.27,-A--,1
1749691980,7,9,13,17,15,4,77,35,1.13,AA--,1
1749690049,3,13,5,21,10,8,103,29,1.81,AAA-,1
1749688016,9,6,13,17,15,2,99,59,1.29,AAA-,1
1749685508,2,10,13,26,17,5,112,46,1.58,A-A-,1
1749603424,3,11,13,20,16,8,98,65,1.33,AA--,1
1749601311,3,6,13,11,16,2,70,18,0.82,AA--,1
1749599180,8,13,3,18,7,2,128,56,1.92,AA--,1
1749512192,9,13,11,24,17,5,108,38,1.53,----,1
1749424294,11,11,13,17,15,3,71,53,1.14,-A--,1
1749171637,2,13,11,23,18,8,97,26,1.45,-A--,1
1749080678,11,13,5,16,11,5,91,44,1.48,AA--,1
1748996081,8,16,14,32,19,7,115,31,1.66,A---,1
1748993692,7,13,6,22,10,5,99,18,1.79,A---,1
1748826634,2,16,12,28,20,6,110,50,1.42,AA--,1
1748308489,8,13,8,36,9,7,147,56,2.49,AA--,1
1748305451,6,13,16,34,22,10,115,53,1.66,AA--,1
1748302737,7,13,9,27,12,4,113,59,1.85,AA--,1
1748282851,2,13,9,28,15,3,132,39,1.74,A---,1
1748278838,11,4,13,8,17,5,77,63,0.65,A---,1
1748277078,9,13,4,20,6,6,122,50,2.06,A---,1
1748270098,3,2,13,11,14,7,90,45,1.03,A---,1
1748110328,9,13,9,22,14,4,96,32,1.45,A---,1
1748107072,3,15,15,29,20,6,91,52,1.4,A---,1
1748105058,7,13,4,16,8,4,85,44,1.53,A---,1
1748052168,8,6,13,17,14,5,105,59,1.35,AA--,1
1748050677,11,13,4,20,9,2,100,35,1.7,AA--,1
1748047653,9,11,13,21,19,4,92,38,1.23,A---,1
1748044000,3,13,10,21,15,8,93,29,1.45,A---,1
1748041004,11,13,8,27,8,4,115,22,2.06,A---,1
1748036902,8,13,4,25,6,1,127,24,2.21,----,1
1748033344,2,13,11,28,16,5,117,32,1.73,A---,1
1747874930,7,8,13,15,17,4,80,67,0.91,A---,1
1747870414,8,13,4,18,7,8,134,50,1.89,A---,1
1747785368,2,13,7,17,12,10,102,65,1.45,A---,1
1747782510,8,13,11,29,16,5,114,41,1.72,A---,1
1747701577,8,6,13,12,15,2,74,67,0.86,AA--,1
1747699155,8,9,13,15,16,5,83,53,1.02,AA--,1
1747696544,9,13,10,22,13,5,90,32,1.51,A---,1
1747507645,11,14,16,45,23,8,158,60,2.13,A---,1
1747353823,7,7,13,17,15,5,103,59,1.34,AA--,1
1746931807,8,4,13,8,15,5,64,63,0.62,AA--,1
1746929835,11,5,13,14,15,3,104,57,1.05,AA--,1
1746927348,6,10,13,14,19,4,60,71,0.81,AA--,1
1746918897,11,13,9,25,13,5,111,64,1.71,AA--,1
1746916595,2,13,9,26,15,4,109,38,1.66,AA--,1
1746848827,3,8,13,21,16,6,103,52,1.55,AA--,1
1746845684,2,15,15,39,23,9,129,51,1.86,AAA-,1
1746832351,8,8,13,16,15,6,84,31,1.24,A---,1
1746830092,2,13,4,20,11,4,119,50,1.75,A---,1
1746828045,9,13,7,26,11,6,132,50,1.98,A---,1
1746754075,6,9,13,21,17,5,106,57,1.38,AA--,1
1746488431,8,13,2,18,8,6,131,39,2.02,A---,1
1746329590,7,13,8,35,13,4,152,49,2.31,----,0
1746320039,7,13,10,20,13,9,104,65,1.46,----,1
1746148896,8,0,13,5,13,0,55,60,0.32,AA--,1
1746135901,7,13,3,16,9,6,100,56,1.63,A---,1
1746133790,3,6,13,22,14,1,111,55,1.54,AA--,1
1746131189,7,8,13,14,16,3,81,50,0.89,A---,1
1746127826,8,7,13,9,14,3,62,78,0.73,A---,1
1746125653,2,13,7,19,13,7,110,53,1.52,A---,1
1746123459,6,8,13,13,18,3,77,62,0.82,A---,1
1745969548,4,6,13,15,16,0,77,47,0.89,A---,0
1745967025,8,8,13,23,16,7,124,65,1.63,A---,1
1745799792,9,5,13,12,14,3,95,67,0.83,-A--,1
1745797581,3,8,13,21,16,5,105,43,1.51,----,1
1745794243,9,13,6,16,10,5,91,44,1.45,----,1
1745697897,9,10,13,13,19,5,64,38,0.79,A---,1
1745279722,3,9,13,33,15,5,125,39,1.99,-A--,1
1745276882,8,13,11,21,14,6,89,43,1.47,-A--,1
1745122189,8,13,8,22,13,11,124,36,1.79,AA--,1
1745119738,3,13,11,16,18,5,69,56,0.91,AA--,1
1745117561,8,13,8,21,9,6,110,67,1.64,AA--,1
1745008263,8,13,11,23,16,5,98,48,1.33,A---,1
1744997338,12,7,13,22,16,5,115,68,1.54,A---,0
1744995504,10,4,13,15,13,5,95,20,1.27,A---,0
1744948954,7,1,13,6,13,4,61,17,0.48,AA--,1
1744946392,8,10,13,19,21,6,100,47,1.02,AA--,1
1744942408,11,2,13,16,12,4,126,38,1.53,AA--,1
1744937492,9,9,13,24,17,5,133,46,1.65,AA--,1
1744936131,6,1,13,16,12,1,106,44,1.47,AA--,1
1744930491,9,13,3,13,11,4,78,46,1.27,-A--,1
1744928231,8,4,13,10,14,2,68,30,0.75,A---,1
1744923480,2,8,13,14,17,3,73,36,0.84,-A--,1
1744850930,8,6,13,23,14,1,100,43,1.7,-A--,1
1744849144,11,13,4,18,10,6,120,44,1.65,-A--,1
1744584477,6,13,8,26,9,3,126,73,1.96,-A--,1
1744581495,11,16,14,21,21,10,80,67,1.1,-A--,1
1744578667,2,11,13,19,17,4,102,58,1.3,-A--,1
1744395838,2,10,13,21,18,3,95,48,1.17,-A--,1
1744392130,8,13,11,15,13,6,74,47,1.16,-A--,1
1743982656,6,13,8,24,9,6,111,33,1.88,-A--,1
1743980595,8,13,7,21,14,5,91,33,1.54,-A--,1
1743882987,8,13,11,38,15,6,136,47,2.24,AA--,0
1743880720,6,6,13,20,14,6,108,65,1.46,AA--,0
1743878973,2,3,13,14,15,7,110,64,1.27,A-A-,0
1743824581,8,15,15,27,22,4,91,44,1.3,-A--,0
1743822727,9,3,13,14,14,2,87,57,1.2,-A--,0
1743820417,8,13,8,13,13,4,72,38,1.01,-A--,0
1743818320,8,13,7,10,12,4,60,50,0.83,-A--,0
1743779518,8,13,9,18,13,2,83,33,1.27,----,0
1743776811,7,13,10,17,13,6,68,53,1.13,----,0
1743273449,7,11,13,23,14,3,89,35,1.4,----,0
1743194979,2,11,13,21,15,3,90,52,1.28,----,0
1741444554,9,13,9,14,12,3,73,64,1.07,A---,0
1741373444,6,13,10,21,12,3,80,67,1.49,----,0
1741371670,2,13,3,23,2,3,130,52,2.37,----,0
1741119231,9,7,13,13,15,2,64,77,0.92,A---,0
1740842392,9,13,10,30,19,6,130,57,1.77,A---,0
1740840230,1,7,13,23,16,2,91,57,1.45,A---,0
1740771412,6,11,13,38,17,3,140,37,2.13,A---,0
1740529357,11,4,13,12,14,1,77,58,0.88,--A-,0
1740442723,7,13,11,14,19,4,61,50,0.88,--A-,0
1740441359,9,13,1,19,7,4,147,68,2.1,--A-,0
1740248670,2,8,13,13,16,4,62,77,0.93,----,0
1740246228,8,13,11,17,14,2,74,47,0.95,----,0
1740159550,9,6,13,12,15,3,74,75,1.02,----,0
1734203487,7,7,13,16,15,3,71,56,1.08,----,1
1734200083,2,11,13,17,16,3,82,59,1,----,1
1734140099,11,13,2,19,7,5,141,42,2.08,A---,0
1734137889,11,11,13,27,18,9,117,63,1.69,A---,0
1733781894,8,13,7,20,14,4,82,55,1.43,----,1
1733002967,11,3,13,10,11,0,74,70,0.8,--A-,0
1732654689,0,0,13,12,12,1,85,50,0.99,----,0
1732499274,6,13,10,20,12,4,94,45,1.46,----,1
1732497225,6,5,13,11,14,3,73,55,0.88,----,1
1732490002,12,13,16,15,22,6,60,47,0.8,-A--,1
1732395729,6,13,8,13,15,3,54,62,0.9,----,1
1732218005,4,6,13,18,19,2,110,67,1.14,----,0
1732215504,12,10,13,12,18,0,50,92,0.61,----,1
1732213666,8,13,6,22,7,5,106,36,1.86,----,1
1732147793,11,10,13,15,19,5,84,67,0.96,-AA-,0
1731650364,9,5,13,10,16,2,69,50,0.63,----,1
1731647827,6,13,5,19,9,3,80,47,1.64,----,1
1729700723,12,14,16,18,22,6,73,56,0.91,----,1
1729629095,2,13,11,15,18,6,82,60,0.95,----,1
1728765191,8,10,13,12,20,3,54,50,0.65,----,0
1728320344,7,9,13,17,17,5,74,47,1.08,--A-,0
1727891822,8,14,16,27,22,7,94,59,1.34,----,0
1724624374,3,16,13,21,18,7,68,29,1.13,-A--,1
1724621381,12,13,16,24,22,10,105,46,1.28,-A--,1
1724433472,9,13,8,33,13,4,143,36,2.28,-A--,1
1724431070,12,10,13,17,15,7,78,65,1.18,-A--,1
1724171831,12,11,13,22,15,7,102,45,1.46,-A--,1
1724088345,12,9,13,16,15,5,76,63,1.03,-A--,1
1724086109,8,6,13,23,13,1,111,65,1.65,-A--,1
1723827260,6,13,7,27,11,4,119,41,2,-A--,1
1723825199,8,13,4,18,7,2,103,67,1.71,-A--,1
1723743488,8,9,13,25,16,2,110,48,1.59,-A--,1
1723740128,2,14,16,25,18,3,81,52,1.27,-A--,1
1723663789,8,13,6,20,8,1,102,35,1.63,-A--,1
1723653520,2,8,13,14,14,0,66,43,0.85,-A--,1
1723570323,7,9,13,24,16,1,103,46,1.49,-A--,1
1723567838,12,13,7,22,11,2,109,59,1.64,-A--,1
1723485209,8,13,10,18,13,2,84,39,1.26,-A--,1
1723482681,12,11,13,31,17,3,115,45,1.71,-A--,1
1723418289,2,13,11,20,14,4,88,35,1.35,-A--,1
1723415340,8,13,11,12,16,7,67,50,0.85,-A--,1
1723324129,8,11,13,29,14,5,109,41,1.78,-A--,1
1723220104,12,13,11,16,13,5,65,19,1.1,-A--,1
1723145226,12,13,0,15,5,1,109,40,1.84,-A--,1
1723142382,8,13,10,14,12,4,66,50,1.12,-A--,1
1722988889,2,15,15,17,19,6,67,29,0.99,-A--,1
1722986640,10,13,7,13,11,3,61,23,1.02,-AA-,0
1722974632,2,10,13,26,14,5,110,46,1.73,-A--,1
1722972020,8,10,13,25,18,3,118,68,1.49,-A--,1
1722969891,9,13,4,27,7,1,141,56,2.37,-A--,1
1722888928,7,13,10,12,10,7,76,33,1.13,-A--,1
1722873962,8,4,13,12,15,4,80,67,1.05,-A--,1
1722872024,9,7,13,17,17,4,102,29,1.28,-A--,1
1722819556,2,11,13,15,17,5,71,27,1,-A--,1
1722817577,8,13,3,18,7,3,105,44,1.85,-A--,1
1722652022,2,13,7,15,12,6,80,53,1.27,-A--,1
1722645256,2,13,9,15,13,7,85,67,1.25,-A--,1
1722642623,12,13,9,23,13,6,113,52,1.58,-A--,1
1722627294,12,7,13,11,16,5,62,36,0.71,-A--,1
1722624005,8,9,13,20,14,2,84,60,1.29,-A--,1
1722299424,8,5,13,19,14,1,99,63,1.42,-A--,1
1722295979,6,13,9,25,11,7,127,52,1.86,AAA-,0
1722187996,12,16,13,28,18,5,105,61,1.53,-A--,1
1722132040,3,13,7,23,11,4,128,57,1.82,-A--,1
1722129558,9,10,13,20,16,5,97,60,1.39,-A--,1
1722120922,8,16,12,37,15,3,128,51,1.98,-A--,1
1722117666,12,13,8,25,10,7,113,44,1.83,-A--,1
1722113680,2,15,15,21,19,6,72,43,1.12,-A--,1
1721764221,12,10,13,20,16,4,82,50,1.27,-A--,1
1721761986,9,13,9,13,15,4,69,69,0.95,-A--,1
1721759541,8,9,13,15,14,6,66,53,1.16,-A--,1
1721692752,7,14,16,31,22,9,106,58,1.55,-A--,1
1721690312,12,13,10,20,15,6,94,50,1.34,-A--,1
1721607753,8,13,7,24,11,3,102,63,1.78,-A--,1
1721605575,12,13,8,16,14,6,88,81,1.28,-A--,1
1721161921,8,5,13,15,13,0,91,60,1.06,-A--,1
1721159742,2,13,4,17,9,4,103,59,1.69,-A--,1
1720918355,2,13,4,11,11,5,77,55,1.07,-A--,1
1720915935,8,13,8,27,11,4,118,56,1.96,-A--,1
1720913974,7,13,4,18,10,5,107,33,1.69,-A--,1
1720659042,8,4,13,12,14,2,86,33,1.04,-A--,1
1720656433,12,9,13,27,15,1,111,67,1.73,-A--,1
1719765127,6,2,13,13,14,0,87,77,1.04,-A--,1
1719759268,12,11,13,26,15,4,101,38,1.53,-A--,1
1712445313,8,13,11,28,15,2,108,50,1.65,----,0
1711855865,8,10,13,14,17,3,78,57,0.87,A---,0
1711667247,8,8,13,15,18,4,94,47,0.97,----,0
1711664636,9,11,13,19,17,6,83,58,1.12,----,0
1711328155,7,4,13,16,15,2,90,44,1.19,A---,0
1711325944,8,13,9,22,16,6,116,50,1.54,A-A-,0
1711317363,8,10,13,35,17,9,170,54,2.15,----,0
1711315768,10,13,3,17,4,4,94,29,1.91,----,0
1711294858,1,8,13,23,15,3,101,39,1.49,----,0
1711132093,8,13,5,21,5,4,104,43,1.89,--A-,0
1709951632,1,3,13,16,14,2,109,44,1.33,----,0
1709949785,1,2,13,10,12,1,58,80,0.8,----,0
1708388520,2,13,2,14,7,5,91,50,1.64,----,0
1708386336,8,3,13,8,15,5,57,63,0.62,A-A-,0
1708384287,9,2,13,7,14,1,71,29,0.5,A-A-,0
1707959581,8,6,13,20,14,2,109,60,1.37,--A-,0
1707762368,2,13,5,21,7,2,108,57,1.75,----,0
1706654672,1,13,3,14,5,6,90,57,1.72,--A-,0
1706569566,1,3,13,8,14,2,46,38,0.6,--A-,0
1706567431,1,13,9,21,12,4,100,67,1.54,--A-,0
1706225852,7,13,10,22,15,2,89,32,1.42,----,0
1706221482,2,7,13,24,15,4,107,50,1.66,A-A-,0
1705964142,8,13,11,18,15,8,91,22,1.23,--A-,0
1705944542,8,10,13,23,17,4,96,70,1.44,--A-,0
1705874438,7,7,13,33,14,1,121,61,2.17,----,0
1704847636,3,2,13,9,14,2,72,67,0.72,----,0
1704845055,8,13,8,11,11,3,60,64,1,A-A-,0
1704330931,8,4,13,14,17,3,87,43,1.06,--A-,1
1704329025,8,13,3,17,8,3,85,41,1.7,----,0
1703903331,7,13,10,27,15,5,110,37,1.65,----,0
1703901289,9,8,13,15,15,2,67,60,1.02,----,1
1702781322,8,6,13,11,14,4,68,64,0.99,----,1
1702779614,7,13,3,14,5,4,89,79,1.65,----,0
1702778073,10,13,1,15,7,3,111,53,1.79,----,0
1702576758,8,13,9,16,11,10,90,31,1.4,----,0
1702434246,8,13,4,14,10,3,86,50,1.27,----,0
1702430846,8,15,15,21,18,5,72,24,1.14,----,1
1701635089,12,13,5,19,8,2,108,47,1.84,----,0
1701633107,7,4,13,15,15,2,100,67,1.21,A---,0
1701506901,6,13,4,10,12,5,57,10,0.88,----,0
1701504717,7,13,3,15,9,8,103,73,1.69,----,0
1701215079,8,13,2,12,8,3,101,67,1.41,----,0
1701040468,8,5,13,7,15,4,46,71,0.49,----,1
1700612265,9,13,8,16,15,10,97,50,1.3,----,1
1700013510,8,9,13,25,16,1,103,52,1.53,A---,0
1699924446,8,13,8,20,10,4,91,30,1.58,----,0
1699922547,2,4,13,13,14,5,83,85,1.14,--A-,0
1695946429,8,13,9,19,13,3,82,63,1.38,--A-,0
