1790300350,8,13,0,--1-1,1,,,,,,
1790126613,8,13,7,--1-1,1,,,,,,
1790124128,6,13,7,1-1-1,1,11,11,7,73,45,1.07
1790036470,8,13,8,1111-,1,20,12,5,99,50,1.52
1790034170,8,9,13,1111-,1,15,17,1,70,20,0.87
1790031473,5,8,13,11-1-,1,14,19,3,71,71,0.93
1789948078,2,4,13,11111,1,11,13,3,73,45,0.9
1789946239,3,2,13,11111,1,15,12,1,95,47,1.35
1789852334,8,13,3,1----,1,13,11,5,95,38,1.34
1789850742,8,13,4,1----,1,8,10,2,50,38,0.85
1789794679,2,13,7,111-1,1,23,12,3,105,57,1.68
1789792256,3,6,13,--1-1,1,,,,,,
1789790494,8,13,3,--1-1,1,,,,,,
1789788632,6,13,4,--1--,1,,,,,,
1789773428,8,13,9,11---,1,16,14,4,87,88,1.15
1789771124,3,9,13,111--,1,11,16,4,64,55,0.83
1789696122,7,14,16,--1-1,1,,,,,,
1789612350,8,13,7,--1-1,1,,,,,,
1789609400,7,11,13,--1-1,1,,,,,,
1789347577,3,8,13,1111-,1,15,19,4,72,33,0.9
1789345397,8,7,13,1111-,1,14,16,2,86,50,1.01
1789321555,9,13,5,1-1-1,1,19,9,3,103,47,1.75
1789316702,2,8,13,1-1-1,1,19,15,6,101,37,1.42
1789186509,8,11,13,--1-1,1,,,,,,
1789184652,7,13,1,--111,1,,,,,,
1789182208,6,13,9,--111,1,,,,,,
1788814940,9,16,14,1111-,1,27,23,5,90,48,1.3
1788802098,8,13,10,11111,1,26,15,3,108,65,1.73
1788798599,9,9,13,11-1-,1,14,14,0,67,36,0.89
1788790191,3,13,7,11-1-,1,21,12,6,111,67,1.7
1788754323,2,11,13,11111,1,15,15,2,71,60,0.91
1788752620,8,4,13,11111,1,13,13,1,69,77,0.98
1788749872,5,13,11,11111,1,18,18,7,93,78,1.25
1788747507,3,10,13,11111,1,11,16,3,53,64,0.8
1788743222,5,5,13,1111-,1,14,16,3,82,57,1.03
1788739783,2,8,13,1111-,1,19,16,1,96,47,1.21
1788669490,2,13,9,--111,1,,,,,,
1788667655,5,13,3,--111,0,,,,,,
1788664986,7,9,13,--111,1,,,,,,
1788662505,3,11,13,--111,1,,,,,,
1788637691,2,16,12,1--1-,1,22,19,5,90,64,1.27
1788586238,2,16,13,111-1,1,31,16,2,94,42,1.56
1788583710,7,13,10,111-1,1,21,16,8,105,48,1.43
1788581211,5,13,11,111-1,1,25,15,8,102,20,1.58
1788578449,8,13,9,111-1,1,24,12,9,109,42,1.78
1788575845,2,7,13,111-1,1,12,17,7,83,67,0.91
1788573293,7,6,13,111-1,1,15,15,8,88,47,1.27
1788567584,9,13,4,11--1,1,21,11,5,120,67,1.81
1788564659,9,7,13,1-1-1,1,9,18,3,53,56,0.56
1788490739,6,9,13,--1-1,1,,,,,,
1788488788,7,13,5,--1-1,1,,,,,,
1788486793,9,13,6,--1-1,1,,,,,,
1788374015,9,13,9,1----,1,15,12,5,78,60,1.17
1788306064,8,13,5,--1-1,0,,,,,,
1788285836,2,13,9,1----,1,14,15,4,60,43,1.1
1788137638,9,5,13,11111,1,17,15,3,106,47,1.41
1788134742,7,10,13,1111-,1,10,16,5,58,40,0.72
1788132458,2,6,13,-111-,1,,,,,,
1788129360,8,11,13,-1-1-,1,,,,,,
1787969968,5,13,11,111-1,1,15,15,7,76,40,1.16
1787968199,5,13,4,111-1,1,21,10,6,110,43,1.81
1787881077,6,11,13,--1-1,0,,,,,,
1787797885,8,4,13,--1-1,0,,,,,,
1787793896,7,6,13,--1-1,0,,,,,,
1787791414,8,13,6,--1-1,0,,,,,,
1787702569,8,7,13,11---,1,11,14,2,61,55,0.89
1787700895,2,13,4,11---,1,16,7,2,86,63,1.55
1787533648,2,13,11,11-1-,1,19,15,4,80,42,1.27
1787531601,5,6,13,11-1-,1,11,15,3,73,36,0.82
1787431456,9,13,9,1----,1,14,14,4,72,43,1.03
1787429319,8,13,7,1----,1,24,11,1,108,54,1.75
1787427982,9,13,1,1----,1,12,6,0,73,67,1.44
1787368563,2,13,7,-11--,1,,,,,,
1787366909,7,13,4,-11--,1,,,,,,
1787364193,8,11,13,1111-,1,15,17,4,65,47,1
1786824069,3,13,5,11---,1,17,10,2,83,47,1.52
1786747443,8,12,16,11-1-,1,21,17,3,76,57,1.14
1786744788,3,8,13,11---,1,23,15,7,126,52,1.77
1786318025,9,16,14,11-1-,1,38,15,3,114,42,1.93
1785961440,6,14,16,1----,0,14,25,7,58,57,0.8
1785878472,5,13,4,1----,0,16,7,1,77,56,1.56
1785111172,8,11,13,1111-,0,21,15,5,79,48,1.31
1785109161,3,13,4,1111-,0,19,7,1,111,42,1.87
1785033250,7,2,13,11-1-,0,6,12,1,69,50,0.5
1784592858,8,7,13,11-1-,0,12,15,3,57,50,0.79
1784590436,7,13,5,11-1-,0,10,12,8,78,60,1.02
1784508249,5,14,16,11-1-,0,23,21,7,88,65,1.18
1784506075,2,13,7,11-1-,0,16,14,6,83,81,1.2
1784482588,7,5,13,-1---,0,,,,,,
1784480453,7,13,4,-1---,0,,,,,,
1784408316,8,6,13,11-1-,0,16,16,4,81,56,1.28
1784399657,9,13,10,11---,0,20,16,2,79,65,1.25
1784334840,5,13,7,11---,0,22,11,4,117,59,1.78
1784237994,8,7,13,11---,0,7,15,1,39,71,0.54
1784236470,7,13,1,11---,0,11,7,5,83,18,1.52
1784234098,2,10,13,11---,0,14,18,4,58,29,0.89
1784154348,9,6,13,11---,0,10,17,3,61,40,0.64
1783794506,5,10,13,11-1-,0,20,19,4,104,80,1.24
1783791928,5,13,8,11-1-,0,27,12,5,120,52,1.98
1783642238,8,13,9,1111-,0,19,15,5,98,42,1.32
1783640466,5,4,13,1111-,0,8,14,5,62,63,0.78
1782596896,8,6,13,11-1-,1,7,15,5,55,57,0.55
1782594292,8,11,13,11-1-,1,25,15,5,103,52,1.6
1782591207,10,8,13,11---,1,13,14,3,80,54,1
1781977520,9,16,14,11-1-,1,20,23,4,72,30,0.94
1781974448,8,15,15,11-1-,1,20,22,13,81,50,1.14
1781829508,11,3,13,111--,0,9,15,1,68,56,0.5
1781827781,7,2,13,111--,1,6,15,7,68,17,0.58
1781825040,8,13,10,11---,1,23,17,8,113,52,1.51
1781741473,2,8,13,--1--,0,,,,,,
1781484283,10,13,10,1111-,1,27,15,7,112,37,1.73
1781482034,10,8,13,1111-,1,15,19,4,85,47,0.91
1781221849,9,6,13,11-1-,1,20,17,3,98,55,1.41
1780712043,9,13,6,11-1-,1,19,10,4,105,58,1.66
1780709295,7,6,13,11-1-,1,22,15,1,102,59,1.56
1780590800,2,10,13,11-1-,1,19,16,3,89,47,1.25
1780587716,7,13,6,11-1-,1,23,10,5,116,48,1.85
1780584416,9,13,10,-1---,1,,,,,,
1780175513,2,13,10,11-1-,1,11,19,7,70,45,0.8
1780173233,3,13,9,11-1-,1,18,16,4,99,33,1.32
1780170584,2,4,13,11---,1,4,14,1,41,25,0.22
1779845720,9,9,13,11---,1,21,14,2,82,48,1.29
1779843167,9,4,13,11-1-,1,14,15,2,83,50,0.97
1779811067,2,16,14,11---,1,28,22,7,96,64,1.38
1779805462,8,13,2,11---,1,11,5,7,72,36,1.48
1779742633,7,2,13,-1---,1,,,,,,
1779740822,7,2,13,-1---,1,,,,,,
1779735699,9,8,13,-1---,1,,,,,,
1779662505,7,13,3,11---,1,16,3,1,83,44,1.75
1779654903,10,13,4,11---,1,17,8,4,109,24,1.7
1779652269,3,6,13,11---,1,16,14,3,81,50,1.18
1779635913,6,2,13,11---,1,6,14,5,63,50,0.64
1779575450,7,15,15,11---,1,25,21,13,103,68,1.4
1779565787,10,13,7,11---,1,26,12,6,128,69,1.97
1779403080,10,16,13,11-1-,1,17,23,10,74,59,0.98
1779400641,8,8,13,11-1-,1,17,17,2,88,82,1.12
1779319845,5,13,11,1----,0,16,17,4,84,63,1.04
1779028247,2,13,16,11---,1,19,21,7,62,53,1.03
1778982043,3,13,6,11-1-,1,23,9,3,126,57,1.94
1778979982,2,13,8,11-1-,1,27,12,2,118,56,1.89
1778938799,7,13,11,11-1-,1,31,15,4,121,48,1.87
1778936644,2,13,4,11-1-,1,15,7,4,90,67,1.57
1778899875,10,7,13,11-1-,1,19,15,5,93,42,1.36
1778804772,9,11,13,11---,1,14,21,9,75,57,0.9
1778802579,8,13,6,11---,1,19,12,5,94,42,1.62
1778799620,7,13,11,11---,1,22,17,6,93,64,1.39
1778706791,5,13,9,1----,0,13,16,2,66,46,0.81
1778705300,5,13,3,1----,0,11,4,1,76,27,1.42
1778606458,8,13,9,-1---,1,,,,,,
1778459648,7,11,13,11-1-,1,22,17,10,111,41,1.49
1778457098,10,13,11,11-1-,1,24,13,8,101,46,1.67
1778434498,7,16,14,-1---,1,,,,,,
1778421567,8,13,7,11---,1,16,8,6,96,56,1.51
1778290891,8,13,11,-1-1-,1,,,,,,
1777851508,10,13,16,11-1-,1,17,23,11,76,35,0.99
1777848623,9,10,13,11---,1,23,17,2,98,22,1.34
1777842414,2,13,9,11-1-,1,20,13,6,91,50,1.46
1777672869,10,13,5,11---,1,16,10,2,87,63,1.44
1777671272,8,3,13,11---,1,8,16,3,67,63,0.56
1777604951,9,13,5,11-1-,1,21,10,4,108,67,1.8
1777602431,7,13,11,11-1-,1,18,20,8,84,44,1.09
1777599924,5,13,11,11-1-,0,18,18,8,86,33,1.21
1777213838,2,10,13,-1---,1,,,,,,
1777212096,8,13,2,-1---,1,,,,,,
1777139472,7,13,9,11---,1,16,15,7,94,81,1.27
1777134740,2,13,8,11---,1,16,10,2,82,50,1.27
1777068517,8,4,13,1--1-,1,7,15,1,50,86,0.46
1776989880,3,11,13,11---,1,14,17,6,72,36,0.97
1776986394,7,13,9,11---,1,28,13,5,120,43,1.86
1776980174,8,9,13,-1---,1,,,,,,
1776739829,8,13,11,11-1-,1,18,16,4,82,28,1.1
1776737296,3,13,9,11-1-,1,25,13,2,109,48,1.66
1776713492,2,15,15,-1-1-,1,,,,,,
1776645444,10,13,11,11-1-,1,25,15,4,110,72,1.62
1776608202,9,16,14,-1---,1,,,,,,
1776548251,9,13,10,-1---,1,,,,,,
1776546439,2,4,13,-1---,1,,,,,,
1776037258,8,6,13,11-1-,1,8,17,5,62,38,0.56
1776023508,8,13,11,-1---,1,,,,,,
1776015431,3,13,5,-1---,1,,,,,,
1776010849,6,11,13,-1---,1,,,,,,
1775961312,3,6,13,-1---,1,,,,,,
1775853375,8,10,13,-1---,1,,,,,,
1775846980,2,13,9,-1---,1,,,,,,
1775844678,8,3,13,-1---,1,,,,,,
1775655544,6,8,13,-1---,1,,,,,,
1775586586,8,15,15,-1---,1,,,,,,
1775583660,8,13,11,-1---,1,,,,,,
1775579331,3,13,7,-1---,1,,,,,,
1775577625,8,13,2,-1---,1,,,,,,
1775572050,8,13,10,-1---,1,,,,,,
1775433578,10,13,7,11-1-,1,26,10,3,117,50,1.86
1775196151,8,8,13,11---,1,18,17,3,85,33,1.15
1775175981,10,14,16,11---,1,28,22,1,93,43,1.32
1774830927,8,4,13,11-1-,1,11,16,4,59,73,0.81
1774828589,9,7,13,11-1-,1,14,15,6,81,64,1.08
1774825757,7,11,13,11-1-,1,19,21,8,105,47,1.21
1774822631,3,13,7,-1---,1,,,,,,
1774800213,10,10,13,-1---,1,,,,,,
1774795962,2,3,13,-1---,1,,,,,,
1774793405,9,10,13,-1---,1,,,,,,
1774735781,6,13,2,1----,1,13,10,6,97,38,1.4
1774659930,6,7,13,11-1-,1,14,16,5,93,64,1.01
1774656970,7,13,11,11---,1,19,14,9,82,58,1.35
1774655538,8,13,1,11-1-,1,11,4,0,74,45,1.57
1774570914,2,9,13,11---,1,17,19,3,68,59,0.97
1774568384,8,10,13,11---,1,15,18,6,70,27,1
1774565836,8,13,9,11---,1,12,14,5,65,42,0.96
1774307645,7,10,13,-1-1-,1,,,,,,
1774225583,10,13,4,11---,1,13,9,0,66,54,1.13
1774223021,2,13,9,11---,1,23,11,3,105,61,1.66
1773622278,2,13,7,-1-1-,1,,,,,,
1773620194,8,13,4,-1-1-,1,,,,,,
1773612295,8,7,13,-1-1-,1,,,,,,
1773449617,8,13,9,11-1-,1,21,13,5,99,62,1.62
1773447132,10,11,13,11-1-,1,20,18,3,86,55,1.19
1773445037,6,2,13,11-1-,1,8,12,1,58,50,0.63
1773361739,7,6,13,11---,1,8,17,2,42,50,0.44
1773358593,8,16,13,11---,1,18,15,5,59,50,1.09
1773183840,8,13,5,1----,1,16,6,1,80,75,1.57
1773015170,10,10,13,1111-,1,10,21,11,78,50,0.7
1773012716,3,10,13,1111-,1,21,19,5,87,67,1.26
1773007486,7,16,14,1--1-,1,25,20,4,82,64,1.32
1772979713,3,13,16,11---,1,22,21,4,76,45,1.07
1772853253,9,9,13,--11-,0,,,,,,
1772756862,2,13,16,11---,1,18,21,6,74,72,0.95
1772753310,10,14,16,11---,1,27,19,6,93,56,1.34
1772585583,9,13,7,11---,1,17,11,3,78,65,1.4
1772582450,8,16,13,11---,1,16,20,2,53,50,0.83
1772580183,10,13,5,11---,1,13,13,7,75,46,1.2
1772247030,2,10,13,--1--,0,,,,,,
1772239827,9,16,13,11-1-,1,16,21,8,60,50,0.88
1772236863,9,13,11,11---,1,28,14,5,111,57,1.75
1771805726,10,7,13,11-1-,1,11,15,3,63,73,0.83
1771712721,8,6,13,11-1-,1,13,16,4,68,54,0.91
1771709489,7,6,13,11-1-,1,16,15,4,102,69,1.18
1771707274,10,9,13,11---,1,12,18,7,66,50,0.95
1771639608,9,15,15,11-1-,1,30,23,7,110,57,1.51
1771636075,10,16,12,11-1-,1,22,23,4,71,55,1.07
1771632662,8,16,14,11-1-,1,21,21,11,74,62,1.11
1771548754,8,14,16,11-1-,1,25,19,6,82,52,1.2
1771546818,10,4,13,11-1-,1,11,13,2,78,73,0.95
1771544974,9,2,13,11-1-,1,12,14,2,79,50,0.97
1771288036,10,13,7,11---,1,16,9,3,62,38,1.28
1771285684,3,13,9,11---,1,14,17,9,73,36,0.98
1771283276,9,13,7,11---,1,17,10,5,92,76,1.37
1771200467,8,13,7,11---,1,18,10,3,85,28,1.38
1771035269,2,4,13,1-1--,1,17,14,2,88,71,1.39
1771032843,8,7,13,111--,1,18,16,2,89,50,1.23
1771030116,9,13,9,11---,1,18,14,8,90,61,1.43
1770940479,2,13,11,11-1-,1,27,15,5,103,37,1.7
1770937759,8,10,13,1--1-,1,16,18,4,79,44,0.97
1770768530,2,10,13,11-1-,1,23,16,5,97,39,1.47
1770765925,8,13,8,1--1-,1,29,10,2,122,55,2.11
1770685437,8,7,13,--1--,0,,,,,,
1770591671,2,13,7,11-1-,1,21,13,6,103,43,1.58
1770589241,2,8,13,-1-1-,1,,,,,,
1770248565,6,8,13,1111-,1,21,17,3,99,43,1.25
1770245852,9,13,9,11-1-,1,31,12,1,131,65,2.05
1770244196,9,3,13,11-1-,0,16,14,1,82,50,1.19
1770167743,9,13,10,--1--,0,,,,,,
1770162610,2,13,8,11-1-,0,23,11,5,120,65,1.84
1770077319,9,13,8,11-1-,0,22,11,7,110,68,1.68
1769992078,8,13,7,--1--,0,,,,,,
1769734056,9,13,3,11-1-,0,23,6,3,131,39,2.19
1769730429,8,16,14,11---,0,18,21,8,75,44,0.99
1769728463,10,5,13,11---,0,14,13,3,82,36,1.04
1769559890,6,10,13,11---,0,10,18,1,46,50,0.49
1769557600,3,2,13,11-1-,0,10,12,1,57,50,0.89
1769468214,10,13,10,11-1-,0,16,17,3,70,56,1.02
1769465749,7,9,13,11-1-,0,20,15,3,70,55,1.26
1769290765,3,5,13,11-1-,0,11,16,1,68,45,0.92
1769287943,8,7,13,11-1-,0,25,15,5,127,48,1.73
1769207444,6,9,13,11---,0,9,18,7,69,67,0.74
1769205068,6,13,6,11---,0,12,12,5,68,50,1.02
1769203213,8,13,5,11---,0,13,7,5,71,46,1.31
1769129218,6,13,7,11-1-,0,25,11,3,121,40,1.88
1769127388,6,13,3,11-1-,0,10,6,5,72,40,1.31
1768866151,8,13,7,11-1-,1,21,11,11,119,48,1.78
1768862836,11,12,16,11-1-,1,26,21,9,91,62,1.34
1768783805,10,13,4,1111-,1,30,7,2,163,47,2.64
1768781127,9,10,13,1111-,1,21,17,2,92,86,1.34
1768779380,2,4,13,11-1-,1,5,15,1,30,60,0.25
1768691501,8,9,13,11-1-,1,24,17,5,112,58,1.65
1768689574,6,5,13,11-1-,1,18,14,2,97,50,1.33
1768437154,10,13,9,11-1-,1,19,14,6,101,63,1.36
1768434747,2,13,7,11-1-,1,15,13,4,84,73,1.24
1768432262,2,13,10,11-1-,1,22,12,3,96,45,1.38
1768350482,7,13,6,1--1-,1,21,12,6,115,71,1.71
1768264688,2,13,7,1111-,1,26,10,6,132,42,1.97
1768261851,11,13,7,11-1-,1,19,11,5,98,79,1.45
1768177463,2,13,5,11-1-,1,15,9,1,84,80,1.37
1768174767,10,7,13,11---,1,11,13,7,73,91,0.87
1768002182,9,15,15,11---,1,34,21,8,111,50,1.62
1767832202,11,13,9,11-1-,1,26,10,5,106,77,1.84
1767830414,10,13,3,11-1-,1,11,5,3,60,45,1.35
1767827404,10,13,8,11-1-,1,19,12,5,93,58,1.39
1767748185,8,10,13,-111-,1,,,,,,
1767744120,2,13,9,11-1-,1,18,15,4,77,61,1.18
1767656286,9,3,13,11-1-,1,13,14,2,80,15,1.03
1767653095,10,13,11,11-1-,1,29,15,4,117,52,1.75
1767561655,8,13,7,-1---,1,,,,,,
1767501354,6,13,4,1--1-,1,13,10,2,69,69,1.21
1767468957,11,12,16,1-1--,1,25,20,3,84,40,1.21
1767467226,2,5,13,1-11-,1,15,16,4,87,53,1.15
1767410432,9,11,13,1111-,1,28,15,2,84,36,1.6
1767408506,2,7,13,1111-,1,19,15,4,101,74,1.38
1767397981,8,5,13,11---,1,16,14,2,89,63,1.16
1767396014,9,13,5,11---,1,28,10,1,134,68,2.2
1767216517,7,8,13,11---,1,14,15,5,78,50,1.16
1767212164,11,14,16,1-11-,1,22,13,4,65,36,1.11
1767133953,6,13,11,11-1-,1,20,16,4,107,55,1.4
1767131416,8,6,13,11---,1,18,16,3,109,78,1.27
1766891360,9,11,13,-111-,1,,,,,,
1766889309,9,13,4,-111-,1,,,,,,
1766886833,8,13,10,-1-1-,1,,,,,,
1766712458,10,13,9,-111-,1,,,,,,
1766710058,2,13,9,-111-,1,,,,,,
1766708313,2,6,13,-111-,1,,,,,,
1766542563,8,13,10,--11-,1,,,,,,
1766334028,10,13,10,-1-1-,1,,,,,,
1765933810,10,8,13,11---,1,16,17,0,84,38,1.02
1765931777,9,5,13,11---,1,18,14,3,101,56,1.35
1765929678,6,5,13,11---,1,18,16,2,105,44,1.25
1765846609,8,7,13,-111-,1,,,,,,
1765842479,10,13,9,-111-,1,,,,,,
1765675206,11,11,13,--11-,1,,,,,,
1765591017,10,15,15,111--,1,22,23,7,83,41,1.07
1765502806,2,13,11,1111-,1,18,15,2,80,50,1.13
1765499848,8,10,13,11-1-,1,27,15,7,118,70,1.72
1765496010,2,2,13,11---,1,8,15,4,66,50,0.62
1765494494,11,13,2,11---,1,15,5,6,107,53,1.82
1765327828,7,3,13,11-1-,1,7,15,1,48,43,0.56
1765322668,7,9,13,11-1-,1,4,12,6,30,25,0.38
1765319497,9,13,11,11-1-,1,17,17,1,77,59,1.04
1765057893,10,11,13,11---,1,21,19,3,93,71,1.23
1764988616,7,13,10,1--1-,1,24,13,4,104,42,1.53
1764985906,10,6,13,11-1-,1,14,18,5,94,79,1.03
1764980844,10,7,13,11-1-,1,15,15,7,98,60,1.21
1764893590,10,16,12,--1--,1,,,,,,
1764811989,9,9,13,11-1-,1,23,15,4,98,57,1.44
1764809356,10,13,8,11---,1,25,14,5,101,52,1.75
1764638397,8,11,13,1-11-,1,17,17,3,68,24,1.14
1764636011,2,13,9,1--1-,1,20,13,4,71,55,1.38
1764549752,11,13,10,1111-,1,23,13,7,112,70,1.66
1764548085,8,3,13,1111-,1,13,13,4,96,54,1.27
1764545928,6,5,13,1111-,1,17,15,2,78,59,1.23
1764208797,2,13,8,1--1-,1,14,14,5,62,50,1
1764206758,9,7,13,1--1-,1,10,15,4,66,60,0.73
1763926753,2,13,11,-1-1-,1,,,,,,
1763922740,8,15,15,-1-1-,1,,,,,,
1763835077,10,9,13,1--1-,1,15,19,2,80,73,0.89
1763831651,2,16,13,1--1-,1,30,20,9,112,57,1.59
1763605259,8,13,10,11-1-,1,23,16,3,92,57,1.44
1763603203,10,13,2,11-1-,1,22,4,4,151,59,2.44
1763338311,6,10,13,1111-,1,22,17,3,82,50,1.32
1763334990,9,16,12,11---,1,28,21,5,106,61,1.47
1763332422,10,13,8,11---,1,22,11,3,103,59,1.63
1763172850,10,13,8,1111-,1,18,12,5,71,67,1.38
1763170276,2,10,13,1111-,1,23,15,4,98,57,1.58
1763167241,8,6,13,11-1-,1,11,15,1,60,55,0.69
1763084475,9,13,10,1111-,1,26,19,4,108,46,1.61
1763081285,2,11,13,11---,1,16,16,5,76,56,1.04
1763078629,6,11,13,11---,1,20,18,4,89,70,1.24
1762472114,2,13,10,11---,1,19,13,2,73,42,1.23
1762470239,8,13,1,11---,1,22,3,2,128,41,2.47
1762130178,2,11,13,11-1-,1,23,17,4,79,78,1.31
1761868487,10,11,13,11-1-,1,20,16,7,99,55,1.39
1761865682,2,16,14,11-1-,1,22,19,6,80,50,1.18
1761862849,10,13,2,11-1-,1,15,6,5,100,27,1.76
1761769488,7,13,7,1----,1,19,12,6,92,47,1.59
1761690093,8,13,3,1----,1,12,8,7,94,33,1.44
1761521713,10,3,13,1111-,1,7,13,1,53,71,0.64
1761519403,2,8,13,111--,1,19,17,6,105,42,1.34
1761516228,9,13,5,-111-,1,,,,,,
1761411700,6,9,13,11-1-,1,19,18,3,91,58,1.15
1761409387,8,6,13,1--1-,1,14,13,1,83,50,1.11
1761406067,2,14,16,1--1-,1,22,22,5,65,36,1.02
1761359727,8,10,13,1111-,1,16,18,7,82,38,1.02
1761357348,9,13,7,1111-,1,19,13,6,104,58,1.49
1761353999,10,16,14,1111-,1,24,19,7,78,58,1.3
1761352373,8,3,13,1111-,1,9,14,3,83,33,0.87
1761327873,9,13,4,--1--,1,,,,,,
1761265562,9,5,13,1-11-,1,13,14,4,81,62,1
1761263169,10,13,7,1-11-,1,26,8,3,130,46,2.07
1761176615,9,13,8,11---,1,23,14,5,90,48,1.57
1760912458,8,4,13,11-1-,1,9,15,1,72,67,0.76
1760834841,9,13,8,-1-1-,1,,,,,,
1760826781,9,13,2,11---,1,12,7,4,94,58,1.52
1760809753,10,11,13,11---,1,16,22,10,87,69,1
1760663600,6,13,8,--11-,1,,,,,,
1760661333,10,7,13,--11-,1,,,,,,
1760392995,2,8,13,1--1-,1,17,17,2,69,47,1.16
1760316086,10,6,13,11-1-,1,17,14,2,88,71,1.28
1760314048,8,13,7,11-1-,1,19,8,5,104,74,1.66
1760311305,11,13,7,11-1-,1,15,13,4,71,80,1.09
1760308886,2,13,8,-111-,1,,,,,,
1760306551,9,9,13,-111-,1,,,,,,
1760199466,8,11,13,1--1-,1,23,18,5,103,70,1.46
1760149020,9,7,13,1111-,1,24,16,4,125,46,1.65
1760145770,8,14,16,1111-,1,33,20,3,92,30,1.46
1760143998,2,13,3,11-1-,1,14,11,5,93,57,1.52
1760142096,8,13,5,11-1-,1,11,10,1,58,55,0.9
1760046143,8,10,13,1----,0,22,15,5,92,59,1.44
1759868570,10,11,13,1----,1,17,17,8,86,41,1.13
1759699955,2,13,8,111--,1,17,14,6,89,65,1.39
1759697044,2,10,13,-11--,1,,,,,,
1759688377,7,5,13,-1---,1,,,,,,
1759605094,8,13,8,11---,1,15,14,6,97,67,1.23
1759602424,7,9,13,11---,1,19,15,4,87,58,1.14
1759547197,7,13,9,11-1-,1,24,17,2,103,33,1.5
1759544880,9,13,7,11-1-,1,15,12,4,76,67,1.21
1759521177,9,13,11,111--,1,23,16,8,113,61,1.46
1759514580,8,13,5,-11--,1,,,,,,
1759510520,6,7,13,-11--,1,,,,,,
1759508692,9,3,13,-11--,1,,,,,,
1759367878,6,8,13,--1--,0,,,,,,
1759285187,6,16,14,--1--,1,,,,,,
1759282663,7,13,6,--1--,1,,,,,,
1759280583,2,13,8,--1--,1,,,,,,
1759276981,10,14,16,--1--,1,,,,,,
1759196557,6,10,13,--1--,0,,,,,,
1759194173,6,11,13,--1--,0,,,,,,
1759093667,11,9,13,11---,1,20,17,4,89,55,1.24
1759090567,9,13,16,11---,1,28,20,5,102,46,1.38
1758993808,8,9,13,111--,1,15,18,8,89,47,1.11
1758992005,11,6,13,111--,1,12,13,2,82,58,0.83
1758940873,7,0,13,-111-,1,,,,,,
1758937851,7,16,12,-111-,1,,,,,,
1758935085,10,13,11,-111-,1,,,,,,
1758902988,7,10,13,-1---,1,,,,,,
1758844717,6,9,13,11---,1,9,18,9,64,67,0.69
1758842769,7,13,2,11---,1,13,7,4,104,92,1.51
1758499954,8,7,13,-111-,1,,,,,,
1758496549,9,13,6,1111-,1,18,9,3,102,56,1.55
1758494284,2,13,7,111--,1,19,12,3,102,42,1.5
1758491399,6,8,13,11-1-,1,31,15,3,141,58,2.09
1758491320,9,13,11,--1--,1,,,,,,
1758336517,10,8,13,11-1-,1,21,15,5,97,52,1.48
1758334617,6,13,4,11-1-,1,12,6,3,57,50,1.38
1758333077,2,13,2,11-1-,1,22,4,1,129,50,2.3
1758314653,8,15,15,11---,1,23,23,5,89,65,1.11
1758043428,10,7,13,--1--,1,,,,,,
1757982778,6,10,13,--1--,1,,,,,,
1757979344,10,14,16,--1--,1,,,,,,
1757968779,10,13,11,1----,1,15,14,6,77,47,1.02
1757886886,11,0,13,1111-,1,8,13,3,93,38,0.84
1757877211,9,13,7,11---,1,17,13,5,91,59,1.36
1757874642,2,13,11,11-1-,1,27,19,5,115,56,1.56
1757809280,8,16,14,111--,1,36,20,8,130,33,1.76
1757728495,2,4,13,-1-1-,1,,,,,,
1757714881,8,16,12,11---,1,27,16,8,103,52,1.56
1757707652,2,13,9,1-1--,1,15,14,8,84,53,1.22
1757607877,9,13,6,--1--,1,,,,,,
1757536288,7,2,13,1----,1,6,14,4,60,50,0.48
1757467254,2,8,13,--1--,0,,,,,,
1757465444,6,13,7,--1--,0,,,,,,
1757463235,7,4,13,--1--,1,,,,,,
1757461059,8,13,4,--1--,1,,,,,,
1757449612,8,13,2,1----,1,17,6,2,92,41,1.83
1757292338,10,13,8,1111-,1,15,12,2,64,67,1.19
1757290511,8,13,6,1111-,1,21,11,2,99,57,1.66
1757288651,9,6,13,1111-,1,16,18,5,93,44,1.12
1757191661,7,13,11,11---,1,32,15,9,124,69,1.93
1757118861,6,7,13,11---,1,16,16,3,84,69,1.09
1757115597,10,8,13,11---,1,21,15,7,104,57,1.48
1756857068,6,16,14,----1,0,,,,,,
1756774068,7,13,11,--1--,0,,,,,,
1756759178,8,13,3,1----,1,18,10,4,108,61,1.63
1756690459,9,8,13,1111-,1,15,18,5,83,60,1.11
1756687494,2,9,13,1111-,1,20,16,6,100,40,1.31
1756525374,11,13,6,111--,1,13,12,4,77,46,1.09
1756511919,6,13,6,11---,1,17,12,3,98,53,1.41
1756509421,8,13,7,11---,1,17,9,6,95,35,1.48
1756339510,7,13,7,11---,1,17,12,7,96,59,1.45
1756337214,11,10,13,11---,1,18,18,8,86,72,1.21
1756244651,2,13,6,11---,1,17,14,7,83,47,1.29
1756242672,8,6,13,11---,1,20,13,3,100,65,1.53
1756170710,8,8,13,1-1--,1,13,19,4,71,46,0.75
1756169174,2,4,13,1-1--,1,12,16,1,87,92,0.85
1756081242,9,13,9,-111-,1,,,,,,
1755970490,9,8,13,1--1-,1,24,14,3,99,63,1.66
1755967412,7,10,13,11---,1,29,16,3,123,31,1.77
1755829161,8,8,13,--1--,0,,,,,,
1755827150,7,4,13,--1--,0,,,,,,
1755825683,6,5,13,--1--,0,,,,,,
1755810894,8,13,9,1----,1,19,17,5,101,53,1.25
1755737816,10,13,10,--11-,1,,,,,,
1755736075,2,1,13,--11-,1,,,,,,
1755474813,7,5,13,111--,1,14,13,6,93,57,1.18
1755471585,2,16,14,111--,1,37,22,7,127,41,1.83
1755465003,9,13,10,1-11-,1,16,17,1,59,38,0.88
1755462549,6,8,13,1-11-,1,22,15,6,117,64,1.56
1754872940,7,10,13,1111-,1,18,15,6,114,50,1.33
1754870069,11,6,13,1111-,1,0,1,0,0,0,0.03
1754868189,2,13,7,1111-,1,26,9,5,118,46,2.05
1754860493,8,7,13,1-1--,1,8,18,9,69,88,0.64
1754695848,2,13,8,11---,1,11,13,4,57,36,0.92
1754694224,11,13,2,11---,1,23,5,4,145,43,2.39
1754686766,2,6,13,1----,1,22,14,0,97,59,1.41
1754682895,9,13,9,1-1--,1,25,13,4,108,60,1.73
1754602201,6,9,13,1----,1,12,14,3,63,25,0.81
1754599977,8,13,6,1----,1,18,10,3,86,67,1.55
1754267729,9,11,13,1111-,1,22,17,6,103,45,1.3
1754265285,8,13,10,1111-,1,27,13,3,107,52,1.77
1754259840,8,5,13,1111-,1,18,15,6,128,44,1.5
1754163968,10,13,10,1--1-,1,22,14,6,84,23,1.44
1754160679,11,13,10,111--,1,20,16,7,97,60,1.36
1754108660,8,13,7,-111-,1,,,,,,
1754106041,2,11,13,-111-,1,,,,,,
1754103947,9,13,7,-111-,1,,,,,,
1754101374,10,6,13,-11--,1,,,,,,
1754096366,6,3,13,-111-,1,,,,,,
1754094527,6,13,4,-111-,1,,,,,,
1754082292,6,1,13,11---,1,12,13,1,75,25,1.03
1754079526,6,11,13,--1--,1,,,,,,
1754071061,6,9,13,--1--,1,,,,,,
1754067305,8,9,13,--1--,1,,,,,,
1754054920,6,10,13,--1--,1,,,,,,
1754007824,8,9,13,1111-,1,26,17,5,115,54,1.67
1754005386,6,8,13,1111-,1,13,16,2,65,77,0.9
1754002785,7,6,13,1111-,1,19,15,4,112,53,1.47
1753832496,6,6,13,1111-,1,11,14,3,66,36,0.86
1753829832,11,11,13,1111-,1,29,17,3,110,41,1.59
1753825378,6,7,13,111--,1,15,16,3,84,53,1.05
1753823166,2,7,13,111--,1,13,16,2,79,62,0.91
1753749641,10,6,13,1-11-,1,16,15,3,86,75,1.32
1753747174,11,13,11,1-11-,1,18,16,9,93,61,1.18
1753745677,9,13,5,1-11-,1,14,10,2,85,71,1.34
1753743368,6,13,8,1-11-,1,17,10,4,91,47,1.42
1753663437,9,13,11,1-11-,1,20,18,7,96,70,1.27
1753661375,10,13,4,1-11-,1,18,7,5,101,44,1.85
1753658816,10,9,13,1-11-,1,18,14,4,75,44,1.29
1753649231,10,3,13,-111-,1,,,,,,
1753647398,11,4,13,-111-,1,,,,,,
1753560559,10,3,13,1-11-,1,19,13,2,118,63,1.65
1753558890,9,13,3,1-1--,1,22,7,2,131,59,2.14
1753557213,8,2,13,1-1--,1,10,13,2,67,80,0.85
1753497820,9,9,13,1111-,1,17,19,5,76,65,1.11
1753495457,11,13,10,1111-,1,29,15,8,145,69,1.98
1753492172,10,6,13,1111-,1,25,15,2,132,52,1.84
1753490013,10,13,7,11-1-,1,12,12,8,80,58,1.11
1753488200,2,13,3,11---,0,7,10,3,59,43,0.96
1753400793,6,4,13,1111-,0,13,12,1,67,69,0.92
1753399263,9,1,13,1111-,0,6,14,1,53,67,0.39
1753397121,10,7,13,1-1--,0,14,15,7,92,64,1.04
1753319200,2,4,13,--11-,0,,,,,,
1753316983,6,4,13,--11-,1,,,,,,
1753314425,10,7,13,--11-,1,,,,,,
1753310850,7,1,13,-111-,0,,,,,,
1753231720,8,13,10,----1,0,,,,,,
1753230634,6,10,13,1-11-,0,15,16,4,83,73,1.02
1753228860,10,13,4,1-11-,0,16,10,3,90,38,1.52
1753225357,6,13,10,--11-,1,,,,,,
1753223696,6,2,13,--11-,0,,,,,,
1753140716,6,12,16,-111-,0,,,,,,
1753138452,6,13,8,1-11-,0,14,10,4,70,36,1.19
1753057618,6,9,13,1111-,0,23,13,2,110,61,1.58
1753055141,8,7,13,1111-,0,16,14,2,90,31,1.16
1753053079,8,8,13,-111-,0,,,,,,
1752964609,9,13,11,11-1-,0,29,15,3,129,72,1.79
1752948404,9,7,13,11---,0,14,15,4,78,64,1.09
1752897788,6,13,10,1-1--,0,20,15,6,85,75,1.34
1752885820,10,7,13,111--,0,12,15,3,67,67,0.93
1752882642,9,3,13,111--,0,10,15,2,66,40,0.6
1752879844,10,5,13,1-11-,0,16,14,5,102,63,1.26
1752869775,8,4,13,1-1--,0,8,15,2,62,63,0.69
1752798265,9,9,13,--11-,0,,,,,,
1752795092,6,13,11,--11-,0,,,,,,
1752716602,9,13,7,1111-,0,18,17,6,99,39,1.29
1752713952,10,13,7,1111-,0,24,12,7,134,54,1.84
1752711726,6,13,8,1111-,0,19,9,1,78,63,1.5
1752708306,6,7,13,--1--,0,,,,,,
1752626831,10,13,10,1111-,0,21,15,5,102,43,1.4
1752620456,8,12,16,-111-,0,,,,,,
1752539854,6,3,13,1111-,0,15,14,1,103,53,1.11
1752532676,6,16,13,1111-,1,33,19,10,126,73,1.8
1752455517,9,13,11,11-1-,1,20,18,9,100,70,1.33
1752453404,6,13,6,1111-,1,18,9,3,86,50,1.54
1752450949,3,13,11,1111-,1,31,16,4,125,58,1.64
1752447770,8,10,13,1-11-,1,18,17,5,101,50,1.14
1752444997,8,5,13,1-11-,1,17,15,2,104,59,1.27
1752357469,6,13,7,11-1-,1,28,12,7,144,50,2.08
1752352620,11,5,13,11---,1,7,16,7,64,57,0.74
1752340086,9,16,13,111--,1,34,19,7,117,59,1.82
1752337592,6,9,13,111--,1,19,16,6,97,53,1.26
1752290618,2,5,13,1111-,1,14,15,3,93,71,1.18
1752288967,8,3,13,1111-,1,7,15,3,56,86,0.51
1752287196,11,3,13,1111-,1,11,14,3,85,55,1.04
1752284206,6,3,13,1111-,1,14,14,5,102,43,1.13
1752281676,8,13,9,111--,1,14,15,5,74,21,1.18
1752279393,9,13,8,111--,1,19,15,9,99,26,1.53
1752267946,8,13,9,11---,1,24,13,7,97,54,1.61
1752264282,6,4,13,111--,1,15,14,2,93,60,1.22
1752194590,2,10,13,-11--,1,,,,,,
1752108087,9,13,11,1111-,1,17,18,8,80,29,1.24
1752105226,6,13,11,1111-,1,12,19,11,83,42,0.91
1752101916,3,6,13,1-11-,1,11,14,5,63,73,0.9
1752099488,9,8,13,1-11-,1,20,17,5,96,65,1.24
1752028414,6,13,6,--1--,1,,,,,,
1752026393,8,5,13,--1--,1,,,,,,
1752022981,11,16,14,-11--,1,,,,,,
1752020404,9,13,9,111--,1,19,12,6,109,63,1.43
1752017478,6,13,7,111--,1,20,15,4,108,30,1.48
1751933770,2,13,4,111--,1,18,7,5,110,56,1.88
1751931250,3,11,13,111--,1,21,17,4,93,86,1.31
1751929141,9,13,6,111--,1,21,12,7,125,57,1.82
1751848305,3,13,7,111--,1,21,13,6,115,52,1.65
1751846518,6,7,13,111--,1,24,15,4,123,58,1.63
1751844247,11,13,9,111--,1,21,13,5,108,43,1.51
1751748226,2,8,13,11---,1,15,14,2,67,47,0.97
1751745035,11,15,15,11---,1,28,19,5,87,46,1.35
1751740040,8,14,16,11---,1,31,20,4,98,55,1.57
1751736663,8,14,16,11---,1,22,23,8,81,41,1.07
1751734125,6,13,7,11---,1,21,16,6,119,57,1.47
1751684292,7,10,13,111--,1,26,14,4,118,54,1.66
1751681950,3,9,13,111--,1,18,17,3,95,50,1.15
1751677874,11,13,6,1111-,1,14,7,2,79,64,1.31
1751589982,9,11,13,1-1--,1,25,17,3,98,60,1.5
1751504533,6,13,8,111--,1,22,13,4,106,59,1.56
1751501839,3,13,5,11---,1,16,10,2,78,63,1.33
1751499709,6,13,4,11---,1,19,7,3,90,47,1.77
1751495527,8,10,13,----1,0,,,,,,
1751417888,6,16,14,111--,1,23,21,8,87,70,1.25
1751414041,2,11,13,111--,1,18,16,5,75,50,1.11
1751400290,6,15,15,----1,0,,,,,,
1751398827,11,1,13,----1,0,,,,,,
1751396491,9,9,13,----1,0,,,,,,
1751389862,6,9,13,----1,0,,,,,,
1751336134,9,9,13,111--,1,17,15,4,87,47,1.2
1751333395,3,13,11,111--,1,16,15,8,81,44,1.15
1751331208,11,9,13,111--,1,23,17,5,113,83,1.51
1751325251,6,6,13,-11--,1,,,,,,
1751243411,3,10,13,111--,1,20,18,4,84,45,1.26
1751241449,11,3,13,111--,1,11,15,3,73,45,0.87
1751239087,2,9,13,111--,1,21,15,5,111,52,1.37
1751236540,11,11,13,111--,1,12,14,4,66,50,0.84
1751154877,9,10,13,-11--,1,,,,,,
1751139712,7,13,8,11---,1,15,10,6,77,53,1.34
1751132108,2,13,8,11---,1,20,13,2,93,35,1.36
1751077712,11,13,11,11---,1,12,14,4,66,83,0.87
1751074795,2,16,12,11---,1,36,14,5,115,56,1.9
1751071819,2,16,13,111--,1,29,18,2,91,66,1.41
1750986204,8,13,10,111--,1,25,12,6,114,60,1.76
1750983857,11,13,9,111--,1,22,16,11,115,55,1.63
1750980743,7,16,12,111--,1,32,20,6,115,59,1.59
1750811358,3,13,6,111--,1,13,10,7,83,31,1.3
1750808969,8,13,7,111--,1,18,11,8,109,56,1.57
1750806874,11,13,6,111--,1,23,10,2,115,61,1.83
1750803854,8,13,6,1-1--,1,25,10,1,110,56,1.9
1750800884,2,6,13,1-1--,1,21,15,1,96,38,1.42
1750729258,8,13,7,1-1--,1,20,12,5,118,30,1.6
1750727177,3,13,3,1-1--,1,16,7,7,122,56,1.78
1750724782,7,13,7,1-1--,1,14,13,3,81,50,1.19
1750720897,3,15,15,1-1--,1,34,21,7,120,53,1.65
1750636132,2,13,11,111--,1,26,20,8,120,73,1.59
1750631857,11,15,15,11---,1,32,19,4,95,25,1.48
1750622081,11,7,13,11---,1,16,16,3,66,44,1.04
1750619633,3,8,13,111--,1,21,13,3,81,52,1.43
1750617940,9,13,0,11---,1,16,4,4,129,81,2.15
1750449704,6,11,13,1----,1,16,18,2,89,25,1
1750360433,11,6,13,111--,1,19,16,4,110,58,1.36
1750358239,2,7,13,1111-,1,16,15,1,78,69,1.13
1750356156,9,13,7,1111-,1,20,13,5,112,45,1.59
1750306822,9,13,8,1111-,1,15,16,5,74,67,1.06
1750303791,7,11,13,1111-,1,29,18,4,118,55,1.66
1750301539,9,13,8,1111-,1,16,11,6,90,50,1.32
1750298664,6,9,13,11---,1,17,17,5,86,41,1.09
1750195394,9,13,16,11---,1,28,20,8,111,54,1.45
1750034730,9,14,16,1111-,1,39,21,4,133,49,1.82
1750032390,8,5,13,1111-,1,14,13,2,88,64,1.14
1750030462,9,13,6,1111-,1,22,9,8,130,41,2.01
1750028200,11,6,13,111--,1,16,14,2,80,44,1.21
1749958724,11,11,13,111--,1,27,19,6,123,48,1.68
1749956711,8,4,13,111--,1,14,15,6,97,57,1.22
1749954753,11,13,8,111--,1,25,13,5,122,56,1.78
1749950336,9,16,12,111--,1,27,19,5,91,52,1.43
1749947129,6,16,13,1-1--,1,28,20,7,100,57,1.38
1749943968,8,13,11,1-1--,1,19,14,2,79,16,1.28
1749859934,7,11,13,--1--,1,,,,,,
1749845325,8,13,11,1-1--,1,22,16,8,110,59,1.47
1749779632,3,13,5,1-1--,1,16,8,3,91,56,1.48
1749776146,7,15,15,1-1--,1,26,21,6,84,46,1.27
1749691980,7,9,13,111--,1,17,15,4,77,35,1.13
1749690049,3,13,5,1111-,1,21,10,8,103,29,1.81
1749688016,9,6,13,1111-,1,17,15,2,99,59,1.29
1749685508,2,10,13,11-1-,1,26,17,5,112,46,1.58
1749603424,3,11,13,111--,1,20,16,8,98,65,1.33
1749601311,3,6,13,111--,1,11,16,2,70,18,0.82
1749599180,8,13,3,111--,1,18,7,2,128,56,1.92
1749512192,9,13,11,1----,1,24,17,5,108,38,1.53
1749424294,11,11,13,1-1--,1,17,15,3,71,53,1.14
1749419695,6,13,1,--1--,1,,,,,,
1749418070,8,1,13,--1--,1,,,,,,
1749331981,2,13,10,--1--,1,,,,,,
1749267017,7,13,8,--1--,1,,,,,,
1749265173,9,5,13,--1--,1,,,,,,
1749171637,2,13,11,1-1--,1,23,18,8,97,26,1.45
1749080678,11,13,5,111--,1,16,11,5,91,44,1.48
1748996081,8,16,14,11---,1,32,19,7,115,31,1.66
1748993692,7,13,6,11---,1,22,10,5,99,18,1.79
1748826634,2,16,12,111--,1,28,20,6,110,50,1.42
1748308489,8,13,8,111--,1,36,9,7,147,56,2.49
1748305451,6,13,16,111--,1,34,22,10,115,53,1.66
1748302737,7,13,9,111--,1,27,12,4,113,59,1.85
1748282851,2,13,9,11---,1,28,15,3,132,39,1.74
1748278838,11,4,13,11---,1,8,17,5,77,63,0.65
1748277078,9,13,4,11---,1,20,6,6,122,50,2.06
1748270098,3,2,13,11---,1,11,14,7,90,45,1.03
1748200215,6,1,13,--1--,1,,,,,,
1748134546,6,7,13,--1--,1,,,,,,
1748110328,9,13,9,11---,1,22,14,4,96,32,1.45
1748107072,3,15,15,11---,1,29,20,6,91,52,1.4
1748105058,7,13,4,11---,1,16,8,4,85,44,1.53
1748052168,8,6,13,111--,1,17,14,5,105,59,1.35
1748050677,11,13,4,111--,1,20,9,2,100,35,1.7
1748047653,9,11,13,11---,1,21,19,4,92,38,1.23
1748044000,3,13,10,11---,1,21,15,8,93,29,1.45
1748041004,11,13,8,11---,1,27,8,4,115,22,2.06
1748036902,8,13,4,1----,1,25,6,1,127,24,2.21
1748033344,2,13,11,11---,1,28,16,5,117,32,1.73
1747874930,7,8,13,11---,1,15,17,4,80,67,0.91
1747870414,8,13,4,11---,1,18,7,8,134,50,1.89
1747785368,2,13,7,11---,1,17,12,10,102,65,1.45
1747782510,8,13,11,11---,1,29,16,5,114,41,1.72
1747701577,8,6,13,111--,1,12,15,2,74,67,0.86
1747699155,8,9,13,111--,1,15,16,5,83,53,1.02
1747696544,9,13,10,11---,1,22,13,5,90,32,1.51
1747530608,12,1,13,--1--,0,,,,,,
1747528319,12,11,13,--1--,0,,,,,,
1747526834,3,1,13,--1--,0,,,,,,
1747507645,11,14,16,11---,1,45,23,8,158,60,2.13
1747353823,7,7,13,111--,1,17,15,5,103,59,1.34
1747270754,8,1,13,--1--,0,,,,,,
1747001792,12,13,2,--1--,0,,,,,,
1746931807,8,4,13,111--,1,8,15,5,64,63,0.62
1746929835,11,5,13,111--,1,14,15,3,104,57,1.05
1746927348,6,10,13,111--,1,14,19,4,60,71,0.81
1746918897,11,13,9,111--,1,25,13,5,111,64,1.71
1746916595,2,13,9,111--,1,26,15,4,109,38,1.66
1746848827,3,8,13,111--,1,21,16,6,103,52,1.55
1746845684,2,15,15,1111-,1,39,23,9,129,51,1.86
1746832351,8,8,13,11---,1,16,15,6,84,31,1.24
1746830092,2,13,4,11---,1,20,11,4,119,50,1.75
1746828045,9,13,7,11---,1,26,11,6,132,50,1.98
1746754075,6,9,13,111--,1,21,17,5,106,57,1.38
1746488431,8,13,2,11---,1,18,8,6,131,39,2.02
1746329590,7,13,8,1----,0,35,13,4,152,49,2.31
1746320039,7,13,10,1----,1,20,13,9,104,65,1.46
1746148896,8,0,13,111--,1,5,13,0,55,60,0.32
1746135901,7,13,3,11---,1,16,9,6,100,56,1.63
1746133790,3,6,13,111--,1,22,14,1,111,55,1.54
1746131189,7,8,13,11---,1,14,16,3,81,50,0.89
1746127826,8,7,13,11---,1,9,14,3,62,78,0.73
1746125653,2,13,7,11---,1,19,13,7,110,53,1.52
1746123459,6,8,13,11---,1,13,18,3,77,62,0.82
1745969548,4,6,13,11---,0,15,16,0,77,47,0.89
1745967025,8,8,13,11---,1,23,16,7,124,65,1.63
1745799792,9,5,13,1-1--,1,12,14,3,95,67,0.83
1745797581,3,8,13,1----,1,21,16,5,105,43,1.51
1745794243,9,13,6,1----,1,16,10,5,91,44,1.45
1745790991,8,13,11,--1--,1,,,,,,
1745788767,9,8,13,--1--,1,,,,,,
1745724022,2,4,13,--1--,1,,,,,,
1745721359,6,13,7,--1--,1,,,,,,
1745697897,9,10,13,11---,1,13,19,5,64,38,0.79
1745637400,2,11,13,--1--,1,,,,,,
1745634383,3,13,11,--1--,1,,,,,,
1745279722,3,9,13,1-1--,1,33,15,5,125,39,1.99
1745276882,8,13,11,1-1--,1,21,14,6,89,43,1.47
1745272273,2,11,13,--1--,1,,,,,,
1745122189,8,13,8,111--,1,22,13,11,124,36,1.79
1745119738,3,13,11,111--,1,16,18,5,69,56,0.91
1745117561,8,13,8,111--,1,21,9,6,110,67,1.64
1745110208,9,13,10,--1--,1,,,,,,
1745033704,8,13,7,--1--,0,,,,,,
1745008263,8,13,11,11---,1,23,16,5,98,48,1.33
1744997338,12,7,13,11---,0,22,16,5,115,68,1.54
1744995504,10,4,13,11---,0,15,13,5,95,20,1.27
1744948954,7,1,13,111--,1,6,13,4,61,17,0.48
1744946392,8,10,13,111--,1,19,21,6,100,47,1.02
1744942408,11,2,13,111--,1,16,12,4,126,38,1.53
1744937492,9,9,13,111--,1,24,17,5,133,46,1.65
1744936131,6,1,13,111--,1,16,12,1,106,44,1.47
1744930491,9,13,3,1-1--,1,13,11,4,78,46,1.27
1744928231,8,4,13,11---,1,10,14,2,68,30,0.75
1744923480,2,8,13,1-1--,1,14,17,3,73,36,0.84
1744850930,8,6,13,1-1--,1,23,14,1,100,43,1.7
1744849144,11,13,4,1-1--,1,18,10,6,120,44,1.65
1744584477,6,13,8,1-1--,1,26,9,3,126,73,1.96
1744581495,11,16,14,1-1--,1,21,21,10,80,67,1.1
1744578667,2,11,13,1-1--,1,19,17,4,102,58,1.3
1744395838,2,10,13,1-1--,1,21,18,3,95,48,1.17
1744392130,8,13,11,1-1--,1,15,13,6,74,47,1.16
1744329313,8,7,13,--1--,0,,,,,,
1743982656,6,13,8,1-1--,1,24,9,6,111,33,1.88
1743980595,8,13,7,1-1--,1,21,14,5,91,33,1.54
1743908274,8,11,13,--1--,0,,,,,,
1743882987,8,13,11,111--,0,38,15,6,136,47,2.24
1743880720,6,6,13,111--,0,20,14,6,108,65,1.46
1743878973,2,3,13,11-1-,0,14,15,7,110,64,1.27
1743824581,8,15,15,1-1--,0,27,22,4,91,44,1.3
1743822727,9,3,13,1-1--,0,14,14,2,87,57,1.2
1743820417,8,13,8,1-1--,0,13,13,4,72,38,1.01
1743818320,8,13,7,1-1--,0,10,12,4,60,50,0.83
1743779518,8,13,9,1----,0,18,13,2,83,33,1.27
1743776811,7,13,10,1----,0,17,13,6,68,53,1.13
1743273449,7,11,13,1----,0,23,14,3,89,35,1.4
1743194979,2,11,13,1----,0,21,15,3,90,52,1.28
1741444554,9,13,9,11---,0,14,12,3,73,64,1.07
1741373444,6,13,10,1----,0,21,12,3,80,67,1.49
1741371670,2,13,3,1----,0,23,2,3,130,52,2.37
1741119231,9,7,13,11---,0,13,15,2,64,77,0.92
1740842392,9,13,10,11---,0,30,19,6,130,57,1.77
1740840230,1,7,13,11---,0,23,16,2,91,57,1.45
1740771412,6,11,13,11---,0,38,17,3,140,37,2.13
1740529357,11,4,13,1--1-,0,12,14,1,77,58,0.88
1740442723,7,13,11,1--1-,0,14,19,4,61,50,0.88
1740441359,9,13,1,1--1-,0,19,7,4,147,68,2.1
1740248670,2,8,13,1----,0,13,16,4,62,77,0.93
1740246228,8,13,11,1----,0,17,14,2,74,47,0.95
1740159550,9,6,13,1----,0,12,15,3,74,75,1.02
1734203487,7,7,13,1----,1,16,15,3,71,56,1.08
1734200083,2,11,13,1----,1,17,16,3,82,59,1
1734140099,11,13,2,11---,0,19,7,5,141,42,2.08
1734137889,11,11,13,11---,0,27,18,9,117,63,1.69
1733781894,8,13,7,1----,1,20,14,4,82,55,1.43
1733002967,11,3,13,1--1-,0,10,11,0,74,70,0.8
1732654689,0,0,13,1----,0,12,12,1,85,50,0.99
1732499274,6,13,10,1----,1,20,12,4,94,45,1.46
1732497225,6,5,13,1----,1,11,14,3,73,55,0.88
1732490002,12,13,16,1-1--,1,15,22,6,60,47,0.8
1732395729,6,13,8,1----,1,13,15,3,54,62,0.9
1732218005,4,6,13,1----,0,18,19,2,110,67,1.14
1732215504,12,10,13,1----,1,12,18,0,50,92,0.61
1732213666,8,13,6,1----,1,22,7,5,106,36,1.86
1732147793,11,10,13,1-11-,0,15,19,5,84,67,0.96
1731650364,9,5,13,1----,1,10,16,2,69,50,0.63
1731647827,6,13,5,1----,1,19,9,3,80,47,1.64
1729700723,12,14,16,1----,1,18,22,6,73,56,0.91
1729629095,2,13,11,1----,1,15,18,6,82,60,0.95
1728765191,8,10,13,1----,0,12,20,3,54,50,0.65
1728320344,7,9,13,1--1-,0,17,17,5,74,47,1.08
1727891822,8,14,16,1----,0,27,22,7,94,59,1.34
1724865097,2,8,13,--1--,1,,,,,,
1724689671,2,0,13,--1--,1,,,,,,
1724624374,3,16,13,1-1--,1,21,18,7,68,29,1.13
1724621381,12,13,16,1-1--,1,24,22,10,105,46,1.28
1724433472,9,13,8,1-1--,1,33,13,4,143,36,2.28
1724431070,12,10,13,1-1--,1,17,15,7,78,65,1.18
1724171831,12,11,13,1-1--,1,22,15,7,102,45,1.46
1724088345,12,9,13,1-1--,1,16,15,5,76,63,1.03
1724086109,8,6,13,1-1--,1,23,13,1,111,65,1.65
1724002424,8,7,13,--1--,1,,,,,,
1723947193,8,6,13,--1--,1,,,,,,
1723827260,6,13,7,1-1--,1,27,11,4,119,41,2
1723825199,8,13,4,1-1--,1,18,7,2,103,67,1.71
1723743488,8,9,13,1-1--,1,25,16,2,110,48,1.59
1723740128,2,14,16,1-1--,1,25,18,3,81,52,1.27
1723663789,8,13,6,1-1--,1,20,8,1,102,35,1.63
1723653520,2,8,13,1-1--,1,14,14,0,66,43,0.85
1723570323,7,9,13,1-1--,1,24,16,1,103,46,1.49
1723567838,12,13,7,1-1--,1,22,11,2,109,59,1.64
1723485209,8,13,10,1-1--,1,18,13,2,84,39,1.26
1723482681,12,11,13,1-1--,1,31,17,3,115,45,1.71
1723418289,2,13,11,1-1--,1,20,14,4,88,35,1.35
1723415340,8,13,11,1-1--,1,12,16,7,67,50,0.85
1723324129,8,11,13,1-1--,1,29,14,5,109,41,1.78
1723220104,12,13,11,1-1--,1,16,13,5,65,19,1.1
1723218027,7,7,13,--1--,1,,,,,,
1723145226,12,13,0,1-1--,1,15,5,1,109,40,1.84
1723142382,8,13,10,1-1--,1,14,12,4,66,50,1.12
1722988889,2,15,15,1-1--,1,17,19,6,67,29,0.99
1722986640,10,13,7,1-11-,0,13,11,3,61,23,1.02
1722974632,2,10,13,1-1--,1,26,14,5,110,46,1.73
1722972020,8,10,13,1-1--,1,25,18,3,118,68,1.49
1722969891,9,13,4,1-1--,1,27,7,1,141,56,2.37
1722959252,12,5,13,--1--,1,,,,,,
1722888928,7,13,10,1-1--,1,12,10,7,76,33,1.13
1722873962,8,4,13,1-1--,1,12,15,4,80,67,1.05
1722872024,9,7,13,1-1--,1,17,17,4,102,29,1.28
1722819556,2,11,13,1-1--,1,15,17,5,71,27,1
1722817577,8,13,3,1-1--,1,18,7,3,105,44,1.85
1722813511,9,2,13,--1--,1,,,,,,
1722811726,8,5,13,--1--,1,,,,,,
1722652022,2,13,7,1-1--,1,15,12,6,80,53,1.27
1722645256,2,13,9,1-1--,1,15,13,7,85,67,1.25
1722642623,12,13,9,1-1--,1,23,13,6,113,52,1.58
1722627294,12,7,13,1-1--,1,11,16,5,62,36,0.71
1722624005,8,9,13,1-1--,1,20,14,2,84,60,1.29
1722299424,8,5,13,1-1--,1,19,14,1,99,63,1.42
1722295979,6,13,9,1111-,0,25,11,7,127,52,1.86
1722187996,12,16,13,1-1--,1,28,18,5,105,61,1.53
1722132040,3,13,7,1-1--,1,23,11,4,128,57,1.82
1722129558,9,10,13,1-1--,1,20,16,5,97,60,1.39
1722120922,8,16,12,1-1--,1,37,15,3,128,51,1.98
1722117666,12,13,8,1-1--,1,25,10,7,113,44,1.83
1722113680,2,15,15,1-1--,1,21,19,6,72,43,1.12
1722039144,12,13,11,--1--,1,,,,,,
1722037135,6,6,13,--1--,1,,,,,,
1722027123,3,8,13,--1--,1,,,,,,
1722024853,8,13,5,--1--,1,,,,,,
1721927694,12,6,13,--1--,1,,,,,,
1721764221,12,10,13,1-1--,1,20,16,4,82,50,1.27
1721761986,9,13,9,1-1--,1,13,15,4,69,69,0.95
1721759541,8,9,13,1-1--,1,15,14,6,66,53,1.16
1721692752,7,14,16,1-1--,1,31,22,9,106,58,1.55
1721690312,12,13,10,1-1--,1,20,15,6,94,50,1.34
1721607753,8,13,7,1-1--,1,24,11,3,102,63,1.78
1721605575,12,13,8,1-1--,1,16,14,6,88,81,1.28
1721533786,8,9,13,--1--,0,,,,,,
1721531711,2,13,6,--1--,0,,,,,,
1721529537,8,13,10,--1--,0,,,,,,
1721515695,9,12,16,--1--,1,,,,,,
1721506030,8,13,5,--1--,1,,,,,,
1721413036,8,5,13,--1--,1,,,,,,
1721348645,8,4,13,--1--,0,,,,,,
1721188855,8,1,13,--1--,0,,,,,,
1721161921,8,5,13,1-1--,1,15,13,0,91,60,1.06
1721159742,2,13,4,1-1--,1,17,9,4,103,59,1.69
1720918355,2,13,4,1-1--,1,11,11,5,77,55,1.07
1720915935,8,13,8,1-1--,1,27,11,4,118,56,1.96
1720913974,7,13,4,1-1--,1,18,10,5,107,33,1.69
1720713065,6,6,13,--1--,1,,,,,,
1720659042,8,4,13,1-1--,1,12,14,2,86,33,1.04
1720656433,12,9,13,1-1--,1,27,15,1,111,67,1.73
1720644526,6,16,13,--1--,1,,,,,,
1720622035,7,9,13,--1--,1,,,,,,
1720573291,8,13,9,--1--,1,,,,,,
1720567689,2,13,8,--1--,1,,,,,,
1720564048,12,16,14,--1--,1,,,,,,
1720481391,8,5,13,--1--,1,,,,,,
1720475327,9,13,7,--1--,1,,,,,,
1719883374,8,8,13,--1--,1,,,,,,
1719881576,12,5,13,--1--,1,,,,,,
1719878202,12,15,15,--1--,1,,,,,,
1719844973,8,10,13,--1--,1,,,,,,
1719765127,6,2,13,1-1--,1,13,14,0,87,77,1.04
1719759268,12,11,13,1-1--,1,26,15,4,101,38,1.53
1719450822,6,11,13,--1--,1,,,,,,
1719448341,8,13,11,--1--,1,,,,,,
1719428895,2,13,4,--1--,0,,,,,,
1716595612,8,2,13,--1--,0,,,,,,
1712445313,8,13,11,1----,0,28,15,2,108,50,1.65
1711855865,8,10,13,11---,0,14,17,3,78,57,0.87
1711667247,8,8,13,1----,0,15,18,4,94,47,0.97
1711664636,9,11,13,1----,0,19,17,6,83,58,1.12
1711328155,7,4,13,11---,0,16,15,2,90,44,1.19
1711325944,8,13,9,11-1-,0,22,16,6,116,50,1.54
1711317363,8,10,13,1----,0,35,17,9,170,54,2.15
1711315768,10,13,3,1----,0,17,4,4,94,29,1.91
1711294858,1,8,13,1----,0,23,15,3,101,39,1.49
1711132093,8,13,5,1--1-,0,21,5,4,104,43,1.89
1709951632,1,3,13,1----,0,16,14,2,109,44,1.33
1709949785,1,2,13,1----,0,10,12,1,58,80,0.8
1708388520,2,13,2,1----,0,14,7,5,91,50,1.64
1708386336,8,3,13,11-1-,0,8,15,5,57,63,0.62
1708384287,9,2,13,11-1-,0,7,14,1,71,29,0.5
1707959581,8,6,13,1--1-,0,20,14,2,109,60,1.37
1707762368,2,13,5,1----,0,21,7,2,108,57,1.75
1706654672,1,13,3,1--1-,0,14,5,6,90,57,1.72
1706569566,1,3,13,1--1-,0,8,14,2,46,38,0.6
1706567431,1,13,9,1--1-,0,21,12,4,100,67,1.54
1706407512,7,13,10,-1---,0,,,,,,
1706225852,7,13,10,1----,0,22,15,2,89,32,1.42
1706221482,2,7,13,11-1-,0,24,15,4,107,50,1.66
1705964142,8,13,11,1--1-,0,18,15,8,91,22,1.23
1705944542,8,10,13,1--1-,0,23,17,4,96,70,1.44
1705874438,7,7,13,1----,0,33,14,1,121,61,2.17
1704847636,3,2,13,1----,0,9,14,2,72,67,0.72
1704845055,8,13,8,11-1-,0,11,11,3,60,64,1
1704330931,8,4,13,1--1-,1,14,17,3,87,43,1.06
1704329025,8,13,3,1----,0,17,8,3,85,41,1.7
1703903331,7,13,10,1----,0,27,15,5,110,37,1.65
1703901289,9,8,13,1----,1,15,15,2,67,60,1.02
1702781322,8,6,13,1----,1,11,14,4,68,64,0.99
1702779614,7,13,3,1----,0,14,5,4,89,79,1.65
1702778073,10,13,1,1----,0,15,7,3,111,53,1.79
1702576758,8,13,9,1----,0,16,11,10,90,31,1.4
1702434246,8,13,4,1----,0,14,10,3,86,50,1.27
1702430846,8,15,15,1----,1,21,18,5,72,24,1.14
1701635089,12,13,5,1----,0,19,8,2,108,47,1.84
1701633107,7,4,13,11---,0,15,15,2,100,67,1.21
1701506901,6,13,4,1----,0,10,12,5,57,10,0.88
1701504717,7,13,3,1----,0,15,9,8,103,73,1.69
1701215079,8,13,2,1----,0,12,8,3,101,67,1.41
1701040468,8,5,13,1----,1,7,15,4,46,71,0.49
1700612265,9,13,8,1----,1,16,15,10,97,50,1.3
1700013510,8,9,13,11---,0,25,16,1,103,52,1.53
1699924446,8,13,8,1----,0,20,10,4,91,30,1.58
1699922547,2,4,13,1--1-,0,13,14,5,83,85,1.14
1695946429,8,13,9,1--1-,0,19,13,3,82,63,1.38
