1790124128,6,13,7,11,11,7,73,45,1.07,-A-A,285,19999
1790036470,8,13,8,20,12,5,99,50,1.52,AAA-,372,19714
1790034170,8,9,13,15,17,1,70,20,0.87,AAA-,-245,19342
1790031473,5,8,13,14,19,3,71,71,0.93,A-A-,-197,19587
1789948078,2,4,13,11,13,3,73,45,0.9,AAAA,-111,19784
1789946239,3,2,13,15,12,1,95,47,1.35,AAAA,-104,19895
1789852334,8,13,3,13,11,5,95,38,1.34,----,273,19999
1789850742,8,13,4,8,10,2,50,38,0.85,----,372,19726
1789794679,2,13,7,23,12,3,105,57,1.68,AA-A,370,19354
1789773428,8,13,9,16,14,4,87,88,1.15,A---,296,18984
1789771124,3,9,13,11,16,4,64,55,0.83,AA--,-108,18688
1789347577,3,8,13,15,19,4,72,33,0.9,AAA-,-100,18796
1789345397,8,7,13,14,16,2,86,50,1.01,AAA-,-104,18896
1789321555,9,13,5,19,9,3,103,47,1.75,-A-A,423,19000
1789316702,2,8,13,19,15,6,101,37,1.42,-A-A,-107,18577
1788814940,9,16,14,27,23,5,90,48,1.3,AAA-,420,18684
1788802098,8,13,10,26,15,3,108,65,1.73,AAAA,407,18264
1788798599,9,9,13,14,14,0,67,36,0.89,A-A-,-118,17857
1788790191,3,13,7,21,12,6,111,67,1.7,A-A-,355,18975
1788754323,2,11,13,15,15,2,71,60,0.91,AAAA,-111,18620
1788752620,8,4,13,13,13,1,69,77,0.98,AAAA,-121,18731
1788749872,5,13,11,18,18,7,93,78,1.25,AAAA,393,18852
1788747507,3,10,13,11,16,3,53,64,0.8,AAAA,-104,18459
1788743222,5,5,13,14,16,3,82,57,1.03,AAA-,-112,18563
1788739783,2,8,13,19,16,1,96,47,1.21,AAA-,-107,18675
1788640946,3,11,4,13,10,0,87,54,1.33,-AA-,424,18782
1788637691,2,16,12,22,19,5,90,64,1.27,--A-,422,18358
1788586238,2,16,13,31,16,2,94,42,1.56,AA-A,397,17936
1788583710,7,13,10,21,16,8,105,48,1.43,AA-A,380,17539
1788581211,5,13,11,25,15,8,102,20,1.58,AA-A,363,17159
1788578449,8,13,9,24,12,9,109,42,1.78,AA-A,371,16796
1788575845,2,7,13,12,17,7,83,67,0.91,AA-A,-223,16425
1788573293,7,6,13,15,15,8,88,47,1.27,AA-A,-287,16648
1788567584,9,13,4,21,11,5,120,67,1.81,A--A,368,16935
1788564659,9,7,13,9,18,3,53,56,0.56,-A-A,-250,16567
1788374015,9,13,9,15,12,5,78,60,1.17,----,370,16817
1788285836,2,13,9,14,15,4,60,43,1.1,----,322,16447
1788137638,9,5,13,17,15,3,106,47,1.41,AAAA,-287,16125
1788134742,7,10,13,10,16,5,58,40,0.72,AAA-,-295,16412
1787972458,2,2,6,8,5,3,138,63,1.72,AA-A,-124,16707
1787969968,5,13,11,15,15,7,76,40,1.16,AA-A,366,16831
1787968199,5,13,4,21,10,6,110,43,1.81,AA-A,370,16465
1787966906,7,11,1,10,4,2,72,50,1.59,AA-A,388,16095
1787702569,8,7,13,11,14,2,61,55,0.89,A---,-113,15707
1787700895,2,13,4,16,7,2,86,63,1.55,A---,402,15820
1787533648,2,13,11,19,15,4,80,42,1.27,A-A-,418,15418
1787531601,5,6,13,11,15,3,73,36,0.82,A-A-,-101,15000
1787431456,9,13,9,14,14,4,72,43,1.03,----,102,15101
1787429319,8,13,7,24,11,1,108,54,1.75,----,117,14999
1787427982,9,13,1,12,6,0,73,67,1.44,----,323,14882
1787364193,8,11,13,15,17,4,65,47,1,AAA-,-156,14559
1786824069,3,13,5,17,10,2,83,47,1.52,A---,359,14715
1786747443,8,12,16,21,17,3,76,57,1.14,A-A-,-111,14356
1786744788,3,8,13,23,15,7,126,52,1.77,A---,-103,14467
1786318025,9,16,14,38,15,3,114,42,1.93,A-A-,0,14570
1785961440,6,14,16,14,25,7,58,57,0.8,----,0,0
1785878472,5,13,4,16,7,1,77,56,1.56,----,0,0
1785111172,8,11,13,21,15,5,79,48,1.31,AAA-,0,0
1785109161,3,13,4,19,7,1,111,42,1.87,AAA-,0,0
1785033250,7,2,13,6,12,1,69,50,0.5,A-A-,0,0
1784592858,8,7,13,12,15,3,57,50,0.79,A-A-,0,0
1784590436,7,13,5,10,12,8,78,60,1.02,A-A-,0,0
1784508249,5,14,16,23,21,7,88,65,1.18,A-A-,0,0
1784506075,2,13,7,16,14,6,83,81,1.2,A-A-,0,0
1784408316,8,6,13,16,16,4,81,56,1.28,A-A-,0,0
1784399657,9,13,10,20,16,2,79,65,1.25,A---,0,0
1784334840,5,13,7,22,11,4,117,59,1.78,A---,0,0
1784237994,8,7,13,7,15,1,39,71,0.54,A---,0,0
1784236470,7,13,1,11,7,5,83,18,1.52,A---,0,0
1784234098,2,10,13,14,18,4,58,29,0.89,A---,0,0
1784154348,9,6,13,10,17,3,61,40,0.64,A---,0,0
1783794506,5,10,13,20,19,4,104,80,1.24,A-A-,0,0
1783791928,5,13,8,27,12,5,120,52,1.98,A-A-,0,0
1783642238,8,13,9,19,15,5,98,42,1.32,AAA-,0,0
1783640466,5,4,13,8,14,5,62,63,0.78,AAA-,0,0
1782596896,8,6,13,7,15,5,55,57,0.55,A-A-,-360,16221
1782594292,8,11,13,25,15,5,103,52,1.6,A-A-,-407,16581
1782591207,10,8,13,13,14,3,80,54,1,A---,-142,16988
1781977520,9,16,14,20,23,4,72,30,0.94,A-A-,365,17130
1781974448,8,15,15,20,22,13,81,50,1.14,A-A-,-61,16765
1781829508,11,3,13,9,15,1,68,56,0.5,AA--,0,
1781827781,7,2,13,6,15,7,68,17,0.58,AA--,-119,16826
1781825040,8,13,10,23,17,8,113,52,1.51,A---,373,16945
1781484283,10,13,10,27,15,7,112,37,1.73,AAA-,370,16572
1781482034,10,8,13,15,19,4,85,47,0.91,AAA-,-233,16202
1781223860,7,2,8,2,8,2,52,50,0.36,A-A-,-433,16435
1781221849,9,6,13,20,17,3,98,55,1.41,A-A-,-322,16868
1780712043,9,13,6,19,10,4,105,58,1.66,A-A-,350,17190
1780709295,7,6,13,22,15,1,102,59,1.56,A-A-,-446,16840
1780590800,2,10,13,19,16,3,89,47,1.25,A-A-,-378,17286
1780587716,7,13,6,23,10,5,116,48,1.85,A-A-,359,17664
1780175513,2,13,10,11,19,7,70,45,0.8,A-A-,373,17305
1780173233,3,13,9,18,16,4,99,33,1.32,A-A-,354,16932
1780170584,2,4,13,4,14,1,41,25,0.22,A---,-348,16578
1779845720,9,9,13,21,14,2,82,48,1.29,A---,-308,16926
1779843167,9,4,13,14,15,2,83,50,0.97,A-A-,-189,17234
1779811067,2,16,14,28,22,7,96,64,1.38,A---,356,17423
1779805462,8,13,2,11,5,7,72,36,1.48,A---,351,17067
1779662505,7,13,3,16,3,1,83,44,1.75,A---,365,16716
1779654903,10,13,4,17,8,4,109,24,1.7,A---,370,16351
1779652269,3,6,13,16,14,3,81,50,1.18,A---,-345,15981
1779635913,6,2,13,6,14,5,63,50,0.64,A---,-269,16326
1779575450,7,15,15,25,21,13,103,68,1.4,A---,-55,16595
1779565787,10,13,7,26,12,6,128,69,1.97,A---,369,16650
1779403080,10,16,13,17,23,10,74,59,0.98,A-A-,338,16281
1779400641,8,8,13,17,17,2,88,82,1.12,A-A-,-372,15943
1779319845,5,13,11,16,17,4,84,63,1.04,----,1,
1779028247,2,13,16,19,21,7,62,53,1.03,A---,-388,16315
1779026224,8,7,10,14,12,3,89,21,1.18,A---,-322,16703
1778982043,3,13,6,23,9,3,126,57,1.94,A-A-,358,17025
1778979982,2,13,8,27,12,2,118,56,1.89,A-A-,303,16667
1778938799,7,13,11,31,15,4,121,48,1.87,A-A-,350,16364
1778936644,2,13,4,15,7,4,90,67,1.57,A-A-,354,16014
1778899875,10,7,13,19,15,5,93,42,1.36,A-A-,-355,15660
1778804772,9,11,13,14,21,9,75,57,0.9,A---,-339,16015
1778802579,8,13,6,19,12,5,94,42,1.62,A---,371,16354
1778799620,7,13,11,22,17,6,93,64,1.39,A---,367,15983
1778706791,5,13,9,13,16,2,66,46,0.81,----,0,
1778705300,5,13,3,11,4,1,76,27,1.42,----,0,
1778459648,7,11,13,22,17,10,111,41,1.49,A-A-,-361,15616
1778457098,10,13,11,24,13,8,101,46,1.67,A-A-,319,15977
1778421567,8,13,7,16,8,6,96,56,1.51,A---,362,15658
1777851508,10,13,16,17,23,11,76,35,0.99,A-A-,-346,15296
1777848623,9,10,13,23,17,2,98,22,1.34,A---,-123,15642
1777842414,2,13,9,20,13,6,91,50,1.46,A-A-,378,15765
1777672869,10,13,5,16,10,2,87,63,1.44,A---,386,15387
1777671272,8,3,13,8,16,3,67,63,0.56,A---,-104,15001
1777604951,9,13,5,21,10,4,108,67,1.8,A-A-,106,15105
1777602431,7,13,11,18,20,8,84,44,1.09,A-A-,62,14999
1777599924,5,13,11,18,18,8,86,33,1.21,A-A-,0,
1777139472,7,13,9,16,15,7,94,81,1.27,A---,355,14937
1777134740,2,13,8,16,10,2,82,50,1.27,A---,345,14582
1777068517,8,4,13,7,15,1,50,86,0.46,--A-,-352,14237
1776989880,3,11,13,14,17,6,72,36,0.97,A---,-341,14589
1776986394,7,13,9,28,13,5,120,43,1.86,A---,367,14930
1776739829,8,13,11,18,16,4,82,28,1.1,A-A-,350,14563
1776737296,3,13,9,25,13,2,109,48,1.66,A-A-,350,14213
1776645444,10,13,11,25,15,4,110,72,1.62,A-A-,369,13863
1776037258,8,6,13,8,17,5,62,38,0.56,A-A-,-387,13494
1775855996,8,1,9,6,8,1,70,33,0.83,A---,-568,13881
1775433578,10,13,7,26,10,3,117,50,1.86,A-A-,121,14449
1775196151,8,8,13,18,17,3,85,33,1.15,A---,-553,14328
1775175981,10,14,16,28,22,1,93,43,1.32,A---,-119,14881
1774830927,8,4,13,11,16,4,59,73,0.81,A-A-,-168,15000
1774828589,9,7,13,14,15,6,81,64,1.08,A-A-,-388,15168
1774825757,7,11,13,19,21,8,105,47,1.21,A-A-,-381,15556
1774735781,6,13,2,13,10,6,97,38,1.4,----,199,15937
1774659930,6,7,13,14,16,5,93,64,1.01,A-A-,-463,15738
1774656970,7,13,11,19,14,9,82,58,1.35,A---,114,16201
1774655538,8,13,1,11,4,0,74,45,1.57,A-A-,165,16087
1774570914,2,9,13,17,19,3,68,59,0.97,A---,-371,15922
1774568384,8,10,13,15,18,6,70,27,1,A---,-338,16293
1774565836,8,13,9,12,14,5,65,42,0.96,A---,354,16631
1774225583,10,13,4,13,9,0,66,54,1.13,A---,332,16277
1774223021,2,13,9,23,11,3,105,61,1.66,A---,255,15945
1773449617,8,13,9,21,13,5,99,62,1.62,A-A-,203,15690
1773447132,10,11,13,20,18,3,86,55,1.19,A-A-,-472,15487
1773445037,6,2,13,8,12,1,58,50,0.63,A-A-,-438,15959
1773361739,7,6,13,8,17,2,42,50,0.44,A---,-350,16397
1773358593,8,16,13,18,15,5,59,50,1.09,A---,287,16747
1773183840,8,13,5,16,6,1,80,75,1.57,----,336,16460
1773015170,10,10,13,10,21,11,78,50,0.7,AAA-,-362,16124
1773012716,3,10,13,21,19,5,87,67,1.26,AAA-,-279,16486
1773007486,7,16,14,25,20,4,82,64,1.32,--A-,357,16765
1772979713,3,13,16,22,21,4,76,45,1.07,A---,-374,16408
1772756862,2,13,16,18,21,6,74,72,0.95,A---,-347,16782
1772753310,10,14,16,27,19,6,93,56,1.34,A---,-355,17129
1772585583,9,13,7,17,11,3,78,65,1.4,A---,360,17484
1772582450,8,16,13,16,20,2,53,50,0.83,A---,364,17124
1772580183,10,13,5,13,13,7,75,46,1.2,A---,346,16760
1772239827,9,16,13,16,21,8,60,50,0.88,A-A-,357,16414
1772236863,9,13,11,28,14,5,111,57,1.75,A---,369,16057
1771805726,10,7,13,11,15,3,63,73,0.83,A-A-,-360,15688
1771712721,8,6,13,13,16,4,68,54,0.91,A-A-,-378,16048
1771709489,7,6,13,16,15,4,102,69,1.18,A-A-,-416,16426
1771707274,10,9,13,12,18,7,66,50,0.95,A---,-445,16842
1771639608,9,15,15,30,23,7,110,57,1.51,A-A-,-54,17287
1771636075,10,16,12,22,23,4,71,55,1.07,A-A-,274,17341
1771632662,8,16,14,21,21,11,74,62,1.11,A-A-,300,17067
1771548754,8,14,16,25,19,6,82,52,1.2,A-A-,-323,16767
1771546818,10,4,13,11,13,2,78,73,0.95,A-A-,-263,17090
1771544974,9,2,13,12,14,2,79,50,0.97,A-A-,-345,17353
1771288036,10,13,7,16,9,3,62,38,1.28,A---,355,17698
1771285684,3,13,9,14,17,9,73,36,0.98,A---,322,17343
1771283276,9,13,7,17,10,5,92,76,1.37,A---,342,17021
1771200467,8,13,7,18,10,3,85,28,1.38,A---,356,16679
1771035269,2,4,13,17,14,2,88,71,1.39,-A--,-409,16323
1771032843,8,7,13,18,16,2,89,50,1.23,AA--,-111,16732
1771030116,9,13,9,18,14,8,90,61,1.43,A---,377,16843
1770940479,2,13,11,27,15,5,103,37,1.7,A-A-,358,16466
1770937759,8,10,13,16,18,4,79,44,0.97,--A-,-116,16108
1770768530,2,10,13,23,16,5,97,39,1.47,A-A-,-103,16224
1770765925,8,13,8,29,10,2,122,55,2.11,--A-,430,16327
1770591671,2,13,7,21,13,6,103,43,1.58,A-A-,473,15897
1770248565,6,8,13,21,17,3,99,43,1.25,AAA-,-105,15424
1770245852,9,13,9,31,12,1,131,65,2.05,A-A-,0,15529
1770244196,9,3,13,16,14,1,82,50,1.19,A-A-,0,0
1770162610,2,13,8,23,11,5,120,65,1.84,A-A-,0,0
1770077319,9,13,8,22,11,7,110,68,1.68,A-A-,0,0
1769734056,9,13,3,23,6,3,131,39,2.19,A-A-,0,0
1769730429,8,16,14,18,21,8,75,44,0.99,A---,0,0
