508654924,1790036470,8,13,8,20,12,5,99,50,1.52,AAA-
508640539,1790034170,8,9,13,15,17,1,70,20,0.87,AAA-
508628529,1790031473,5,8,13,14,19,3,71,71,0.93,A-A-
508187557,1789948078,2,4,13,11,13,3,73,45,0.9,AAAA
508177247,1789946239,3,2,13,15,12,1,95,47,1.35,AAAA
507670157,1789852334,8,13,3,13,11,5,95,38,1.34,----
507534442,1789850742,8,13,4,8,10,2,50,38,0.85,----
507193785,1789794679,2,13,7,23,12,3,105,57,1.68,AA-A
507088564,1789773428,8,13,9,16,14,4,87,88,1.15,A---
507067874,1789771124,3,9,13,11,16,4,64,55,0.83,AA--
504797990,1789347577,3,8,13,15,19,4,72,33,0.9,AAA-
504782760,1789345397,8,7,13,14,16,2,86,50,1.01,AAA-
504759163,1789321555,9,13,5,19,9,3,103,47,1.75,-A-A
504758388,1789316702,2,8,13,19,15,6,101,37,1.42,-A-A
501685769,1788814940,9,16,14,27,23,5,90,48,1.3,AAA-
501552089,1788802098,8,13,10,26,15,3,108,65,1.73,AAAA
501516740,1788798599,9,9,13,14,14,0,67,36,0.89,A-A-
501461858,1788790191,3,13,7,21,12,6,111,67,1.7,A-A-
501340770,1788754323,2,11,13,15,15,2,71,60,0.91,AAAA
501331085,1788752620,8,4,13,13,13,1,69,77,0.98,AAAA
501322485,1788749872,5,13,11,18,18,7,93,78,1.25,AAAA
501312343,1788747507,3,10,13,11,16,3,53,64,0.8,AAAA
501289277,1788743222,5,5,13,14,16,3,82,57,1.03,AAA-
501272852,1788739783,2,8,13,19,16,1,96,47,1.21,AAA-
500640268,1788640946,3,11,4,13,10,0,87,54,1.33,-AA-
500640535,1788637691,2,16,12,22,19,5,90,64,1.27,--A-
500259886,1788586238,2,16,13,31,16,2,94,42,1.56,AA-A
500249223,1788583710,7,13,10,21,16,8,105,48,1.43,AA-A
500240032,1788581211,5,13,11,25,15,8,102,20,1.58,AA-A
500227142,1788578449,8,13,9,24,12,9,109,42,1.78,AA-A
500214071,1788575845,2,7,13,12,17,7,83,67,0.91,AA-A
500203055,1788573293,7,6,13,15,15,8,88,47,1.27,AA-A
500166290,1788567584,9,13,4,21,11,5,120,67,1.81,A--A
500172434,1788564659,9,7,13,9,18,3,53,56,0.56,-A-A
499142680,1788374015,9,13,9,15,12,5,78,60,1.17,----
498571330,1788285836,2,13,9,14,15,4,60,43,1.1,----
497773159,1788137638,9,5,13,17,15,3,106,47,1.41,AAAA
497759951,1788134742,7,10,13,10,16,5,58,40,0.72,AAA-
496699804,1787972458,2,2,6,8,5,3,138,63,1.72,AA-A
496694134,1787969968,5,13,11,15,15,7,76,40,1.16,AA-A
496680377,1787968199,5,13,4,21,10,6,110,43,1.81,AA-A
496670911,1787966906,7,11,1,10,4,2,72,50,1.59,AA-A
495123891,1787702569,8,7,13,11,14,2,61,55,0.89,A---
495110845,1787700895,2,13,4,16,7,2,86,63,1.55,A---
494173299,1787533648,2,13,11,19,15,4,80,42,1.27,A-A-
494161290,1787531601,5,6,13,11,15,3,73,36,0.82,A-A-
493499237,1787431456,9,13,9,14,14,4,72,43,1.03,----
493666668,1787429319,8,13,7,24,11,1,108,54,1.75,----
493463400,1787427982,9,13,1,12,6,0,73,67,1.44,----
493123687,1787364193,8,11,13,15,17,4,65,47,1,AAA-
490022168,1786824069,3,13,5,17,10,2,83,47,1.52,A---
489534554,1786747443,8,12,16,21,17,3,76,57,1.14,A-A-
489503698,1786744788,3,8,13,23,15,7,126,52,1.77,A---
487063893,1786318025,9,16,14,38,15,3,114,42,1.93,A-A-
484853273,1785961440,6,14,16,14,25,7,58,57,0.8,----
484360595,1785878472,5,13,4,16,7,1,77,56,1.56,----
479868188,1785111172,8,11,13,21,15,5,79,48,1.31,AAA-
479850957,1785109161,3,13,4,19,7,1,111,42,1.87,AAA-
479446291,1785033250,7,2,13,6,12,1,69,50,0.5,A-A-
476761754,1784592858,8,7,13,12,15,3,57,50,0.79,A-A-
476746193,1784590436,7,13,5,10,12,8,78,60,1.02,A-A-
476300598,1784508249,5,14,16,23,21,7,88,65,1.18,A-A-
476281897,1784506075,2,13,7,16,14,6,83,81,1.2,A-A-
475653039,1784408316,8,6,13,16,16,4,81,56,1.28,A-A-
475577874,1784399657,9,13,10,20,16,2,79,65,1.25,A---
475211582,1784334840,5,13,7,22,11,4,117,59,1.78,A---
474619162,1784237994,8,7,13,7,15,1,39,71,0.54,A---
474594805,1784236470,7,13,1,11,7,5,83,18,1.52,A---
474580802,1784234098,2,10,13,14,18,4,58,29,0.89,A---
474127804,1784154348,9,6,13,10,17,3,61,40,0.64,A---
471840836,1783794506,5,10,13,20,19,4,104,80,1.24,A-A-
471819218,1783791928,5,13,8,27,12,5,120,52,1.98,A-A-
470896052,1783642238,8,13,9,19,15,5,98,42,1.32,AAA-
470882614,1783640466,5,4,13,8,14,5,62,63,0.78,AAA-
464975584,1782596896,8,6,13,7,15,5,55,57,0.55,A-A-
464953245,1782594292,8,11,13,25,15,5,103,52,1.6,A-A-
464923327,1782591207,10,8,13,13,14,3,80,54,1,A---
461204716,1781977520,9,16,14,20,23,4,72,30,0.94,A-A-
461179632,1781974448,8,15,15,20,22,13,81,50,1.14,A-A-
460431928,1781829508,11,3,13,9,15,1,68,56,0.5,AA--
460421129,1781827781,7,2,13,6,15,7,68,17,0.58,AA--
460408096,1781825040,8,13,10,23,17,8,113,52,1.51,A---
458477043,1781484283,10,13,10,27,15,7,112,37,1.73,AAA-
458459971,1781482034,10,8,13,15,19,4,85,47,0.91,AAA-
456933941,1781223860,7,2,8,2,8,2,52,50,0.36,A-A-
456867892,1781221849,9,6,13,20,17,3,98,55,1.41,A-A-
453840539,1780712043,9,13,6,19,10,4,105,58,1.66,A-A-
453824187,1780709295,7,6,13,22,15,1,102,59,1.56,A-A-
453036252,1780590800,2,10,13,19,16,3,89,47,1.25,A-A-
453012503,1780587716,7,13,6,23,10,5,116,48,1.85,A-A-
450669384,1780175513,2,13,10,11,19,7,70,45,0.8,A-A-
450598896,1780173233,3,13,9,18,16,4,99,33,1.32,A-A-
450579541,1780170584,2,4,13,4,14,1,41,25,0.22,A---
448677820,1779845720,9,9,13,21,14,2,82,48,1.29,A---
448662247,1779843167,9,4,13,14,15,2,83,50,0.97,A-A-
448413567,1779811067,2,16,14,28,22,7,96,64,1.38,A---
448369253,1779805462,8,13,2,11,5,7,72,36,1.48,A---
447593863,1779662505,7,13,3,16,3,1,83,44,1.75,A---
447525213,1779654903,10,13,4,17,8,4,109,24,1.7,A---
447502253,1779652269,3,6,13,16,14,3,81,50,1.18,A---
447357052,1779635913,6,2,13,6,14,5,63,50,0.64,A---
447036701,1779575450,7,15,15,25,21,13,103,68,1.4,A---
446931187,1779565787,10,13,7,26,12,6,128,69,1.97,A---
445975684,1779403080,10,16,13,17,23,10,74,59,0.98,A-A-
445946131,1779400641,8,8,13,17,17,2,88,82,1.12,A-A-
445599891,1779319845,5,13,11,16,17,4,84,63,1.04,----
443704255,1779028247,2,13,16,19,21,7,62,53,1.03,A---
443681798,1779026224,8,7,10,14,12,3,89,21,1.18,A---
443458243,1778982043,3,13,6,23,9,3,126,57,1.94,A-A-
443443755,1778979982,2,13,8,27,12,2,118,56,1.89,A-A-
443094442,1778938799,7,13,11,31,15,4,121,48,1.87,A-A-
443073902,1778936644,2,13,4,15,7,4,90,67,1.57,A-A-
442912413,1778899875,10,7,13,19,15,5,93,42,1.36,A-A-
442348446,1778804772,9,11,13,14,21,9,75,57,0.9,A---
442330340,1778802579,8,13,6,19,12,5,94,42,1.62,A---
442313452,1778799620,7,13,11,22,17,6,93,64,1.39,A---
441710678,1778706791,5,13,9,13,16,2,66,46,0.81,----
441658132,1778705300,5,13,3,11,4,1,76,27,1.42,----
440218738,1778459648,7,11,13,22,17,10,111,41,1.49,A-A-
440196595,1778457098,10,13,11,24,13,8,101,46,1.67,A-A-
439867788,1778421567,8,13,7,16,8,6,96,56,1.51,A---
436356564,1777851508,10,13,16,17,23,11,76,35,0.99,A-A-
436333731,1777848623,9,10,13,23,17,2,98,22,1.34,A---
436274497,1777842414,2,13,9,20,13,6,91,50,1.46,A-A-
435059055,1777672869,10,13,5,16,10,2,87,63,1.44,A---
435042380,1777671272,8,3,13,8,16,3,67,63,0.56,A---
434580993,1777604951,9,13,5,21,10,4,108,67,1.8,A-A-
434568235,1777602431,7,13,11,18,20,8,84,44,1.09,A-A-
434552471,1777599924,5,13,11,18,18,8,86,33,1.21,A-A-
431408853,1777139472,7,13,9,16,15,7,94,81,1.27,A---
431359250,1777134740,2,13,8,16,10,2,82,50,1.27,A---
430937483,1777068517,8,4,13,7,15,1,50,86,0.46,--A-
430440301,1776989880,3,11,13,14,17,6,72,36,0.97,A---
430409802,1776986394,7,13,9,28,13,5,120,43,1.86,A---
428860830,1776739829,8,13,11,18,16,4,82,28,1.1,A-A-
428865847,1776737296,3,13,9,25,13,2,109,48,1.66,A-A-
428322337,1776645444,10,13,11,25,15,4,110,72,1.62,A-A-
424752374,1776037258,8,6,13,8,17,5,62,38,0.56,A-A-
423671919,1775855996,8,1,9,6,8,1,70,33,0.83,A---
421108285,1775433578,10,13,7,26,10,3,117,50,1.86,A-A-
419412413,1775196151,8,8,13,18,17,3,85,33,1.15,A---
419328314,1775175981,10,14,16,28,22,1,93,43,1.32,A---
417294463,1774830927,8,4,13,11,16,4,59,73,0.81,A-A-
417295362,1774828589,9,7,13,14,15,6,81,64,1.08,A-A-
417216154,1774825757,7,11,13,19,21,8,105,47,1.21,A-A-
416689734,1774735781,6,13,2,13,10,6,97,38,1.4,----
416095549,1774659930,6,7,13,14,16,5,93,64,1.01,A-A-
416033223,1774656970,7,13,11,19,14,9,82,58,1.35,A---
416032245,1774655538,8,13,1,11,4,0,74,45,1.57,A-A-
415587199,1774570914,2,9,13,17,19,3,68,59,0.97,A---
415613725,1774568384,8,10,13,15,18,6,70,27,1,A---
415611302,1774565836,8,13,9,12,14,5,65,42,0.96,A---
413587331,1774225583,10,13,4,13,9,0,66,54,1.13,A---
413588220,1774223021,2,13,9,23,11,3,105,61,1.66,A---
408681386,1773449617,8,13,9,21,13,5,99,62,1.62,A-A-
408681463,1773447132,10,11,13,20,18,3,86,55,1.19,A-A-
408681660,1773445037,6,2,13,8,12,1,58,50,0.63,A-A-
408183777,1773361739,7,6,13,8,17,2,42,50,0.44,A---
408143443,1773358593,8,16,13,18,15,5,59,50,1.09,A---
407108023,1773183840,8,13,5,16,6,1,80,75,1.57,----
406226320,1773015170,10,10,13,10,21,11,78,50,0.7,AAA-
406226834,1773012716,3,10,13,21,19,5,87,67,1.26,AAA-
406126963,1773007486,7,16,14,25,20,4,82,64,1.32,--A-
405836205,1772979713,3,13,16,22,21,4,76,45,1.07,A---
404562932,1772756862,2,13,16,18,21,6,74,72,0.95,A---
404563383,1772753310,10,14,16,27,19,6,93,56,1.34,A---
403512615,1772585583,9,13,7,17,11,3,78,65,1.4,A---
403473300,1772582450,8,16,13,16,20,2,53,50,0.83,A---
403512621,1772580183,10,13,5,13,13,7,75,46,1.2,A---
401452989,1772239827,9,16,13,16,21,8,60,50,0.88,A-A-
401301690,1772236863,9,13,11,28,14,5,111,57,1.75,A---
398654066,1771805726,10,7,13,11,15,3,63,73,0.83,A-A-
397898371,1771712721,8,6,13,13,16,4,68,54,0.91,A-A-
397898576,1771709489,7,6,13,16,15,4,102,69,1.18,A-A-
397897414,1771707274,10,9,13,12,18,7,66,50,0.95,A---
397399768,1771639608,9,15,15,30,23,7,110,57,1.51,A-A-
397375121,1771636075,10,16,12,22,23,4,71,55,1.07,A-A-
397376100,1771632662,8,16,14,21,21,11,74,62,1.11,A-A-
396921139,1771548754,8,14,16,25,19,6,82,52,1.2,A-A-
396907273,1771546818,10,4,13,11,13,2,78,73,0.95,A-A-
396920976,1771544974,9,2,13,12,14,2,79,50,0.97,A-A-
395209011,1771288036,10,13,7,16,9,3,62,38,1.28,A---
395207890,1771285684,3,13,9,14,17,9,73,36,0.98,A---
395207856,1771283276,9,13,7,17,10,5,92,76,1.37,A---
394666776,1771200467,8,13,7,18,10,3,85,28,1.38,A---
393537421,1771035269,2,4,13,17,14,2,88,71,1.39,-A--
393537697,1771032843,8,7,13,18,16,2,89,50,1.23,AA--
393537728,1771030116,9,13,9,18,14,8,90,61,1.43,A---
392948024,1770940479,2,13,11,27,15,5,103,37,1.7,A-A-
392906490,1770937759,8,10,13,16,18,4,79,44,0.97,--A-
391962514,1770768530,2,10,13,23,16,5,97,39,1.47,A-A-
391829508,1770765925,8,13,8,29,10,2,122,55,2.11,--A-
390772970,1770591671,2,13,7,21,13,6,103,43,1.58,A-A-
388453023,1770248565,6,8,13,21,17,3,99,43,1.25,AAA-
388452654,1770245852,9,13,9,31,12,1,131,65,2.05,A-A-
388452117,1770244196,9,3,13,16,14,1,82,50,1.19,A-A-
387889788,1770162610,2,13,8,23,11,5,120,65,1.84,A-A-
387398550,1770077319,9,13,8,22,11,7,110,68,1.68,A-A-
385038124,1769734056,9,13,3,23,6,3,131,39,2.19,A-A-
385037603,1769730429,8,16,14,18,21,8,75,44,0.99,A---
385038453,1769728463,10,5,13,14,13,3,82,36,1.04,A---
384027598,1769559890,6,10,13,10,18,1,46,50,0.49,A---
384026504,1769557600,3,2,13,10,12,1,57,50,0.89,A-A-
383558654,1769468214,10,13,10,16,17,3,70,56,1.02,A-A-
383368828,1769465749,7,9,13,20,15,3,70,55,1.26,A-A-
382114597,1769290765,3,5,13,11,16,1,68,45,0.92,A-A-
382088451,1769287943,8,7,13,25,15,5,127,48,1.73,A-A-
381506832,1769207444,6,9,13,9,18,7,69,67,0.74,A---
381483525,1769205068,6,13,6,12,12,5,68,50,1.02,A---
381483301,1769203213,8,13,5,13,7,5,71,46,1.31,A---
381136203,1769129218,6,13,7,25,11,3,121,40,1.88,A-A-
380969309,1769127388,6,13,3,10,6,5,72,40,1.31,A-A-
379636503,1768866151,8,13,7,21,11,11,119,48,1.78,A-A-
379637405,1768862836,11,12,16,26,21,9,91,62,1.34,A-A-
379170766,1768783805,10,13,4,30,7,2,163,47,2.64,AAA-
379159525,1768781127,9,10,13,21,17,2,92,86,1.34,AAA-
379159541,1768779380,2,4,13,5,15,1,30,60,0.25,A-A-
378554682,1768691501,8,9,13,24,17,5,112,58,1.65,A-A-
378555159,1768689574,6,5,13,18,14,2,97,50,1.33,A-A-
377128219,1768437154,10,13,9,19,14,6,101,63,1.36,A-A-
377127638,1768434747,2,13,7,15,13,4,84,73,1.24,A-A-
377127665,1768432262,2,13,10,22,12,3,96,45,1.38,A-A-
376704058,1768350482,7,13,6,21,12,6,115,71,1.71,--A-
376197513,1768264688,2,13,7,26,10,6,132,42,1.97,AAA-
376196975,1768261851,11,13,7,19,11,5,98,79,1.45,A-A-
375811197,1768177463,2,13,5,15,9,1,84,80,1.37,A-A-
375811653,1768174767,10,7,13,11,13,7,73,91,0.87,A---
374575836,1768002182,9,15,15,34,21,8,111,50,1.62,A---
373713670,1767832202,11,13,9,26,10,5,106,77,1.84,A-A-
373713015,1767830414,10,13,3,11,5,3,60,45,1.35,A-A-
373712809,1767827404,10,13,8,19,12,5,93,58,1.39,A-A-
373158920,1767744120,2,13,9,18,15,4,77,61,1.18,A-A-
372703614,1767661629,8,0,9,9,7,0,90,56,1.29,A-A-
372703809,1767656286,9,3,13,13,14,2,80,15,1.03,A-A-
372675427,1767653095,10,13,11,29,15,4,117,52,1.75,A-A-
371755876,1767501354,6,13,4,13,10,2,69,69,1.21,--A-
371526781,1767468957,11,12,16,25,20,3,84,40,1.21,-A--
371525973,1767467226,2,5,13,15,16,4,87,53,1.15,-AA-
371167940,1767410432,9,11,13,28,15,2,84,36,1.6,AAA-
371167189,1767408506,2,7,13,19,15,4,101,74,1.38,AAA-
371106197,1767397981,8,5,13,16,14,2,89,63,1.16,A---
371106295,1767396014,9,13,5,28,10,1,134,68,2.2,A---
370169517,1767216517,7,8,13,14,15,5,78,50,1.16,A---
370127285,1767212164,11,14,16,22,13,4,65,36,1.11,-AA-
369715484,1767133953,6,13,11,20,16,4,107,55,1.4,A-A-
369713418,1767131416,8,6,13,18,16,3,109,78,1.27,A---
363181498,1765933810,10,8,13,16,17,0,84,38,1.02,A---
363180820,1765931777,9,5,13,18,14,3,101,56,1.35,A---
363181233,1765929678,6,5,13,18,16,2,105,44,1.25,A---
361425093,1765591017,10,15,15,22,23,7,83,41,1.07,AA--
360966729,1765502806,2,13,11,18,15,2,80,50,1.13,AAA-
360967022,1765499848,8,10,13,27,15,7,118,70,1.72,A-A-
360966383,1765496010,2,2,13,8,15,4,66,50,0.62,A---
360966407,1765494494,11,13,2,15,5,6,107,53,1.82,A---
360152080,1765327828,7,3,13,7,15,1,48,43,0.56,A-A-
360152911,1765322668,7,9,13,4,12,6,30,25,0.38,A-A-
360070624,1765319497,9,13,11,17,17,1,77,59,1.04,A-A-
358776381,1765057893,10,11,13,21,19,3,93,71,1.23,A---
358455640,1764988616,7,13,10,24,13,4,104,42,1.53,--A-
358369741,1764985906,10,6,13,14,18,5,94,79,1.03,A-A-
358353397,1764980844,10,7,13,15,15,7,98,60,1.21,A-A-
357581106,1764811989,9,9,13,23,15,4,98,57,1.44,A-A-
357580529,1764809356,10,13,8,25,14,5,101,52,1.75,A---
356777571,1764638397,8,11,13,17,17,3,68,24,1.14,-AA-
