1673331,6,8,13,11------1----,1
1673274,6,13,7,11------1----,1
1673237,9,9,13,11------1----,1
1673197,5,13,8,11-1---------,1
1673140,9,15,15,11-1---------,1
1673098,6,13,6,11-1---------,1
1673089,5,13,6,--------1----,1
1673048,6,9,13,11-1---------,1
1672778,8,7,13,-----1-------,1
1672739,6,13,11,-----1-------,1
1672422,8,13,9,---------1---,0
1671673,8,13,0,--1-1--------,1
1671090,8,15,15,---------1---,0
1670189,6,13,9,-----1-------,1
1670105,7,16,14,-----1-------,1
1670060,5,13,8,-----1-------,1
1668777,8,13,7,--1-1--------,1
1668735,6,13,7,1-1-11-------,1
1668455,8,7,13,--------1----,0
1668351,5,13,4,--------1----,1
1667275,8,13,8,1111---------,1
1667254,6,10,13,-----1-------,1
1667239,7,13,8,--------1----,0
1667236,8,9,13,1111---------,1
1667209,5,8,13,-----1-------,1
1667191,5,8,13,11-1---------,1
1667184,2,13,2,-----1-------,1
1667150,6,4,13,-----1-------,1
1667121,7,3,13,-----1-------,1
1667028,6,6,13,-----1-------,1
1666999,6,13,7,--------1----,0
1666981,8,13,4,-----1-------,1
1666936,9,7,13,-----1-------,1
1666904,7,13,3,-----1-------,1
1665801,2,4,13,11111--------,1
1665771,3,2,13,11111--------,1
1665395,6,16,13,-----1-------,1
1664206,8,13,3,1------------,1
1664179,8,13,4,1------------,1
1663921,7,16,14,-----1-------,1
1663245,2,13,7,111-1--------,1
1663204,3,6,13,--1-1--------,1
1663175,8,13,3,--1-1--------,1
1663144,6,13,4,--1----------,1
1663091,8,13,1,-----1-------,1
1662890,8,13,9,11-----------,1
1662852,3,9,13,111----------,1
1662840,6,8,13,-----1-------,1
1662593,8,13,7,-----1-------,1
1662568,5,13,3,-----1-------,1
1662253,8,8,13,--------1----,0
1662191,3,13,8,--------1----,0
1661602,7,14,16,--1-1--------,1
1661539,6,7,13,--------1----,0
1661453,6,6,13,--------1----,0
1661365,6,13,1,--------1----,0
1660210,7,12,16,--------1----,0
1660206,8,13,7,--1-1--------,1
1660164,5,11,13,--------1----,0
1660157,7,11,13,--1-1--------,1
1660124,8,8,13,-----1-------,1
1660122,7,7,13,--------1----,0
1660079,6,13,10,-----1-------,1
1660040,2,10,13,-----1-------,1
1660015,6,2,13,-----1-------,1
1659995,7,11,13,--------1----,0
1659950,9,16,12,-----1-------,1
1659885,8,13,11,--------1----,0
1659776,5,13,10,--------1----,0
1659728,7,8,13,--------1----,0
1659616,6,13,4,-----1-------,1
1659589,8,0,13,-----1-------,1
1658883,8,13,9,--------1----,0
1658815,7,9,13,--------1----,0
1658773,8,13,8,--------1----,0
1658526,8,2,13,-----1-------,1
1658470,8,15,19,--------1----,0
1658349,3,11,13,--------1----,0
1658281,8,13,3,--------1----,0
1658265,5,7,13,-----1-------,1
1658230,8,13,9,--------1----,0
1658157,6,13,7,--------1----,0
1658116,8,8,13,--------1----,0
1657542,8,11,13,--------1----,1
1657361,7,16,14,--------1----,1
1657290,8,13,4,--------1----,1
1657215,8,2,13,-----1-------,1
1657169,6,13,10,-----1-------,1
1657132,6,9,13,-----1-------,1
1657078,6,6,13,-----1-------,1
1656988,6,13,11,--------1----,1
1656048,8,13,11,--------1----,1
1655911,8,13,10,--------1----,1
1655793,3,8,13,1111---------,1
1655757,8,7,13,1111---------,1
1655359,9,13,5,1-1-1--------,1
1655278,2,8,13,1-1-1--------,1
1653108,8,11,13,--1-1--------,1
1653100,8,4,13,-----1-------,1
1653078,7,13,1,--111--------,1
1653069,6,3,13,-----1-------,1
1653037,6,13,9,--111--------,1
1653021,5,13,5,-----1-------,1
1652870,6,10,13,-----1-------,1
1652583,6,9,13,--------1----,1
1652513,7,2,13,--------1----,1
1652480,2,13,5,--------1----,1
1651751,8,15,15,--------1----,1
1651723,8,1,13,--------1----,1
1651631,7,0,13,--------1----,1
1651464,8,8,13,--------1----,1
1649947,7,11,13,-----1-------,1
1649913,8,13,3,-----1-------,1
1649655,2,1,13,--------1----,1
1649571,6,9,13,--------1----,1
1648799,5,9,13,--------1----,1
1648761,6,13,9,--------1----,1
1648574,8,11,13,--------1----,1
1648542,9,13,6,--------1----,1
1648526,3,13,11,-----1-------,1
1648498,6,13,5,-----1-------,1
1648397,9,9,13,--------1----,1
1647211,8,13,11,--------1----,1
1647058,6,13,1,-----1-------,1
1646916,9,16,14,1111---------,1
1646702,8,13,10,11111--------,1
1646643,9,9,13,11-1---------,1
1646503,3,13,7,11-1---------,1
1645905,2,11,13,11111--------,1
1645877,8,4,13,11111--------,1
1645831,5,13,11,11111--------,1
1645792,3,10,13,11111--------,1
1645720,5,5,13,1111---------,1
1645663,2,8,13,1111---------,1
1644492,2,13,9,--111--------,1
1644461,5,13,3,--111--------,0
1644416,7,9,13,--111--------,1
1644375,3,11,13,--111--------,1
1643962,2,16,12,1--1-1-------,1
1643788,7,16,14,--------1----,1
1643104,2,16,13,111-1--------,1
1643062,7,13,10,111-1--------,1
1643020,5,13,11,111-1--------,1
1642974,8,13,9,111-1--------,1
1642956,6,13,8,--------1----,1
1642931,2,7,13,111-1--------,1
1642888,7,6,13,111-1--------,1
1642874,7,13,11,--------1----,1
1642793,9,13,4,11--1--------,1
1642751,8,6,13,-----1-------,1
1642744,9,7,13,1-1-1--------,1
1642695,6,16,14,-----1-------,1
1642658,9,13,7,------1------,0
1642658,3,13,7,-----1-------,1
1641636,7,15,15,--------1----,1
1641558,5,8,13,--------1----,1
1641532,9,13,3,--------1----,1
1641512,6,9,13,--1-1--------,1
1641480,7,13,5,--1-1--------,1
1641447,9,13,6,--1-1--------,1
1641242,8,13,7,--------1----,1
1641143,7,13,9,--------1----,1
1639856,7,7,13,-----1-------,1
1639785,3,13,8,-----1-------,1
1639567,9,13,9,1------------,1
1638434,8,13,5,--1-1--------,0
1638097,2,13,9,1------------,1
1638093,6,13,11,--------1----,1
1637083,8,13,4,--------1----,1
1637045,2,13,16,-----1-------,1
1637020,8,3,13,-----1-------,1
1636988,8,13,5,-----1-------,1
1636969,3,13,10,--------1----,1
1636948,6,13,11,-----1-------,1
1636825,7,13,8,--------1----,1
1636720,5,13,11,--------1----,1
1635927,9,10,13,--------1----,0
1635627,9,5,13,11111--------,1
1635579,7,10,13,1111---------,1
1635541,2,6,13,-111---------,1
1635489,8,11,13,-1-1---------,1
1635314,8,13,3,-----------1-,0
1635280,6,13,16,-----1-------,1
1635278,8,13,10,-----------1-,0
1635248,6,13,7,-----1-------,1
1634108,8,2,13,-----1-------,1
1634071,2,7,13,-----1-------,1
1634031,5,13,8,-----1-------,1
1632836,5,4,13,-----1-------,1
1632833,5,13,11,111-1--------,1
1632803,5,13,4,111-1-1------,1
1632792,6,9,13,-----1-------,1
1632753,8,13,5,-----1-------,1
1632721,9,6,13,-----1-------,1
1631351,6,11,13,--1-1--------,0
1629965,8,4,13,--1-1--------,0
1629898,7,6,13,--1-1--------,0
1629857,8,13,6,--1-1--------,0
1629461,8,5,13,--------1----,0
1628436,6,13,9,--------1----,0
1628376,8,7,13,11-----------,1
1628348,2,13,4,11-----------,1
1628224,8,15,15,--------1----,0
1627065,9,4,13,-----1-------,1
1627005,8,11,13,-----1-------,1
1626735,6,15,15,--------1----,0
1625561,2,13,11,11-1-1-------,1
1625527,5,6,13,11-1-1-------,1
1624163,8,5,13,-----1-------,1
1624122,6,11,13,-----1-------,1
1624086,8,13,3,-----1-------,1
1623858,9,13,9,1------------,1
1623822,8,13,7,1------------,1
1623800,9,13,1,1------------,1
1623711,2,8,13,-----1-------,1
1623672,6,10,13,-----1-------,1
1622809,2,13,7,-11----------,1
1622782,7,13,4,-11----------,1
1622737,8,11,13,1111-------1-,1
1621239,6,16,14,--------1----,0
1620903,8,16,14,--------1----,0
1618325,8,13,9,-----1-------,1
1615427,7,11,13,-----1-------,1
1614026,8,9,13,-----------1-,0
1613734,3,13,5,11-----------,1
1613620,6,5,13,-----1-------,1
1612457,8,12,16,11-1---------,1
1612419,6,4,13,-----1-------,1
1612413,3,8,13,11-----------,1
1612372,9,13,9,-----1-------,1
1612340,6,8,13,-----1-------,1
1612293,5,13,11,-----1-------,1
1611071,9,13,5,-----1-------,1
1611020,8,13,10,-----1-------,1
1609573,8,13,8,-----1-------,1
1608145,3,5,13,-----1-------,0
1608102,6,13,10,-----1-------,0
1608067,6,1,13,-----1-------,1
1606915,6,13,9,-----1-------,1
1606878,3,5,13,-----1-------,1
1606759,5,13,5,-----1-------,1
1606722,6,13,8,-----1-------,1
1606671,8,14,16,-----1-------,1
1606649,9,13,1,-----1-------,1
1605300,9,16,14,11-1---------,1
1605056,2,13,5,-----1-------,1
1605020,5,13,7,-----1-------,1
1602567,8,9,13,-----1-------,1
1602511,9,10,13,-----1-------,1
1600978,8,13,8,-----1-------,1
1599680,5,9,13,-----1-------,1
1599646,9,13,6,-----1-------,1
1599357,6,14,16,1------------,0
1598196,6,11,13,--------1----,0
1597975,5,13,4,1------------,0
1596588,6,13,16,--------1----,0
1596276,8,8,13,--------1----,0
1594893,8,3,13,-----1-------,1
1594844,6,16,13,-----1-------,1
1593555,8,5,13,-----1-------,1
1590823,8,16,19,-----1-------,0
1589567,9,15,15,-----1-------,1
1589508,5,15,15,-----1-------,1
1589474,5,3,13,-----1-------,0
1589430,8,13,11,-----1-------,0
1588052,7,13,10,-----1-------,0
1588004,6,10,13,-----1-------,0
1587971,9,7,13,-----1-------,0
1585186,8,11,13,1111---------,0
1585153,3,13,4,1111---------,0
1585132,5,4,13,-----1-------,1
1584778,8,11,13,-----1-------,1
1583888,7,2,13,11-1---------,0
1582520,5,6,13,-----1-------,1
1582489,8,13,5,-----1-------,1
1582443,9,13,11,-----1-------,1
1582407,5,13,9,-----1-------,1
1582327,6,13,10,-----1-------,1
1582278,2,13,10,-----1-------,1
1582252,8,3,13,-----1-------,1
1580827,8,10,13,-----1-------,1
1580768,9,8,13,-----1-------,1
1579646,9,13,11,-----1-------,1
1579607,8,13,5,-----1-------,1
1579574,6,13,7,-----1-------,1
1579541,7,4,13,-----1-------,1
1578241,3,13,11,-----1-------,1
1578201,6,13,8,-----1-------,1
1578166,8,13,7,-----1-------,1
1578132,6,13,6,-----1-------,1
1578099,8,13,7,-----1-------,1
1578046,5,15,15,-----1-------,1
1578021,3,13,3,-----1-------,1
1577920,6,13,4,-----1-------,1
1576548,8,7,13,11-1---------,0
1576527,2,16,13,-----1-------,1
1576507,7,13,5,11-1---------,0
1576432,8,10,13,------1------,0
1575137,5,14,16,11-1---------,0
1575101,2,13,7,11-1---------,0
1574855,5,7,13,-----1-------,1
1574829,6,13,4,-----1-------,1
1574777,8,15,15,-----1-------,1
1574749,3,13,1,-----1-------,1
1574710,7,5,13,-1-----------,0
1574674,7,13,4,-1-----------,0
1573972,9,13,5,-----1-------,1
1573940,5,13,5,-----1-------,1
1573902,8,13,10,-----1-------,1
1573831,8,11,13,-----1-------,1
1573800,2,7,13,-----1-------,1
1573472,8,6,13,11-1---------,0
1573416,5,10,13,-----1-------,1
1573369,8,11,13,-----1-------,1
1573328,9,13,10,11-----------,0
1572367,5,16,12,-----1-------,1
1572312,2,6,13,-----1-------,1
1572252,8,9,13,-----1-------,1
1572247,5,13,7,11-----------,0
1572218,2,13,8,-----1-------,1
1572188,9,13,4,-----1-------,1
1572066,5,7,13,-----------1-,0
1572031,5,13,4,-----------1-,0
1571990,6,8,13,-----1-------,1
1570891,3,13,10,------1------,0
1570858,7,1,13,------1------,0
1570754,3,11,13,-----1-------,1
1570719,9,13,8,-----1-------,1
1570658,6,7,13,-----1-------,1
1570633,8,7,13,11-----------,0
1570627,5,5,13,-----1-------,1
1570608,7,13,1,11-----------,0
1570568,2,10,13,11-----------,0
1570539,6,13,5,-----1-------,1
1570509,5,13,4,-----1-------,1
1570479,2,8,13,-----1-------,0
1570446,9,13,9,-----1-------,0
1569239,9,6,13,11----1------,0
1564864,8,14,16,-----1-------,0
1564830,2,7,13,-----1-------,0
1564800,6,5,13,-----1-------,0
1564764,7,13,7,-----1-------,0
1564720,8,11,13,-----1-------,0
1564694,9,13,4,-----1-------,0
1564635,6,15,15,-----1-------,0
1564602,8,13,6,-----1-------,0
1563242,5,10,13,11-1---------,0
1563199,5,13,8,11-1---------,0
1562366,7,7,13,-----1-------,0
1562321,8,13,11,-----1-------,0
1562235,2,16,12,-----1-------,0
1562202,5,13,7,-----1-------,0
1562153,9,11,13,-----1-------,0
1562118,5,13,7,-----1-------,0
1562087,8,6,13,-----1-------,0
1562050,5,13,7,-----1-------,0
1560704,8,13,9,1111---------,0
1560674,5,4,13,1111---------,0
1554541,7,11,13,-----1-------,1
1554502,6,13,9,-----1-------,1
1553493,6,16,12,-----1-------,1
1553452,8,13,10,-----1-------,1
1552275,3,3,13,-----1-------,1
1552234,2,8,13,-----1-------,1
1552186,2,15,15,-----1-------,1
1552154,8,13,4,-----1-------,1
1547853,3,10,13,-----1-------,1
1547795,2,10,13,-----1-------,1
1547438,8,8,13,------------1,0
1547201,8,7,13,------------1,0
1543695,8,3,13,-----1-------,1
1543662,9,13,6,-----1-------,1
1543623,3,6,13,-----1-------,1
1543591,10,13,5,-----1-------,1
1543282,8,6,13,11-1---------,1
1543260,8,13,5,-----1-------,1
1543238,8,11,13,11-1---------,1
1543218,8,13,11,-----1-------,1
1543187,10,8,13,11-----------,1
1543183,6,6,13,-----1-------,1
1539182,9,13,8,------------1,0
1539149,8,7,13,------------1,0
1536267,8,13,10,-----1-------,1
1536231,9,11,13,-----1-------,1
1533084,7,13,9,-----1-------,1
1533049,8,9,13,-----1-------,1
1533025,9,13,0,-----1-------,1
1532980,11,13,10,-----1-------,0
1532959,9,16,14,11-1---------,1
1532944,3,6,13,-----1-------,0
1532907,8,15,15,11-1---------,1
1530492,11,3,13,111--1-------,0
1530463,7,2,13,111--1-------,1
1530417,8,13,10,11-----------,1
1529025,2,8,13,--1----------,0
1524738,10,13,10,1111---------,1
1524701,10,8,13,1111---------,1
1520364,9,6,13,11-1---------,1
1513033,5,13,6,-----1-------,0
1511867,9,13,6,11-1---------,1
1511822,7,6,13,11-1---------,1
1511383,10,9,13,-----1-------,1
1511340,8,8,13,-----1-------,1
1510136,8,13,11,-----1-------,1
1510079,9,13,7,-----1-------,1
1510044,2,6,13,-----1-------,1
1509847,2,10,13,11-1---------,1
1509795,7,13,6,11-1---------,1
1509740,9,13,10,-1-----------,1
1504585,7,9,13,-----1-------,1
1504549,10,13,6,-----1-------,1
1504519,8,13,6,-----1-------,1
1504270,9,13,16,-----1-------,1
1502925,2,13,10,11-1---------,1
1502887,3,13,9,11-1---------,1
1502843,2,4,13,11-----------,1
1498897,2,13,11,-----1-------,1
1498860,3,9,13,-----1-------,1
1498814,7,13,9,-----1-------,1
1497429,9,9,13,11---1-------,1
1497386,9,4,13,11-1-1-------,1
1496851,2,16,14,11-----------,1
1496758,8,13,2,11-----------,1
1495711,7,2,13,-1-----------,1
1495680,7,2,13,-1-----------,1
1495595,9,8,13,-1-----------,1
1494375,7,13,3,11-----------,1
1494248,10,13,4,11-----------,1
1494204,3,6,13,11-----------,1
1493932,6,2,13,11-----------,1
1492924,7,15,15,11-----------,1
1492763,10,13,7,11-----------,1
1490051,10,16,13,11-1---------,1
1490011,8,8,13,11-1---------,1
1489757,2,13,1,-----1-------,0
1488813,6,11,13,-----1-------,0
1488787,8,2,13,-----1-------,0
1488664,5,13,11,1------------,0
1488507,2,4,13,-----1-------,0
1485405,8,13,8,------1------,1
1483804,2,13,16,11-----------,1
1483034,3,13,6,11-1---------,1
1483000,2,13,8,11-1---------,1
1482313,7,13,11,11-1---------,1
1482277,2,13,4,11-1---------,1
1481665,10,7,13,11-1---------,1
1480080,9,11,13,11-----------,1
1480043,8,13,6,11-----------,1
1479994,7,13,11,11-----------,1
1478447,5,13,9,1------------,0
1478422,5,13,3,1------------,0
1477192,7,15,15,-----1-------,0
1477160,8,4,13,-----1-------,0
1477121,8,9,13,-----1-------,0
1476774,8,13,9,-1-----------,1
1474327,7,11,13,11-1---------,1
1474285,10,13,11,11-1---------,1
1473908,7,16,14,-1-----------,1
1473693,8,13,7,11-----------,1
1471515,8,13,11,-1-1---------,1
1464192,10,13,16,11-1---------,1
1464144,9,10,13,11-----------,1
1464040,2,13,9,11-1---------,1
1461261,7,7,13,-----1-------,1
1461214,10,13,5,11-----------,1
1461188,8,3,13,11-----------,1
1460083,9,13,5,11-1---------,1
1460041,7,13,11,11-1---------,1
1460005,2,8,13,-----1-------,1
1459999,5,13,11,11-1---------,0
1459968,7,13,7,-----1-------,1
1459920,8,9,13,-----1-------,1
1459881,2,13,9,-----1-------,1
1459844,9,13,7,-----1-------,1
1458100,5,13,9,-----------1-,0
1457240,5,13,9,------1------,0
1457151,9,9,13,-----1-------,1
1457113,2,13,11,-----1-------,1
1457070,3,9,13,-----1-------,1
1455563,8,13,10,-----1-------,1
1455251,2,3,13,-----1-------,1
1455216,9,13,5,-----1-------,1
1455157,8,14,16,-----1-------,1
1453564,2,10,13,-1-----------,1
1453535,8,13,2,-1-----------,1
1452325,7,13,9,11--------1--,1
1452246,2,13,8,11-----------,1
1451363,7,13,10,-----1-------,1
1451328,2,6,13,-----1-------,1
1451326,6,6,13,-------1-----,0
1451142,8,4,13,1--1---------,1
1450930,11,13,10,------1------,0
1450885,6,13,4,------1------,0
1450856,8,13,4,------1------,0
1450848,6,8,13,------------1,0
1449831,3,11,13,11-----------,1
1449773,7,13,9,11-----------,1
1449670,8,9,13,-1-----------,1
1449426,8,15,15,-----------1-,0
1446793,10,13,9,-----1-------,1
1446769,2,13,2,-----1-------,0
1445664,8,13,11,11-1---------,1
1445622,3,13,9,11-1---------,1
1445225,2,15,15,-1-1---------,1
1444091,10,13,11,11-1---------,1
1443470,9,16,14,-1-----------,1
1442471,9,13,10,-1-----------,1
1442441,2,4,13,-1-----------,1
1437911,7,13,5,------1------,1
1437885,2,1,13,------1------,0
1437839,6,10,13,------1------,0
1433954,8,6,13,11-1---------,1
1433725,8,13,11,-1-----------,1
1433591,3,13,5,-1-----------,1
1433514,6,11,13,-1-----------,1
1432689,3,6,13,-1-----------,1
1432636,8,7,13,-----1-------,0
1430890,8,10,13,-1-----------,1
1430783,2,13,9,-1-----------,1
1430745,8,3,13,-1-----------,1
1427592,6,8,13,-1-----------,1
1426443,8,15,15,-1-----------,1
1426394,8,13,11,-1-----------,1
1426322,3,13,7,-1-----------,1
1426294,8,13,2,-1-----------,1
1426201,8,13,10,-1-----------,1
1423893,10,13,7,11-1---------,1
1420778,3,13,10,-------1-----,0
1420750,6,13,8,-------1-----,0
1419936,8,8,13,11-------1---,1
1419600,10,14,16,11-------1---,1
1418279,6,11,13,------1------,0
1418242,3,8,13,------1------,0
1418213,2,13,8,------1------,0
1413849,8,4,13,11-1---------,1
1413810,9,7,13,11-1---------,1
1413779,8,8,13,------1------,0
1413763,7,11,13,11-1---------,1
1413711,3,13,7,-1-----------,1
1413337,10,10,13,-1-----------,1
1413266,2,3,13,-1-----------,1
1413223,9,10,13,-1-----------,1
1412372,9,13,10,------1------,0
1412347,7,5,13,------1------,0
1412263,6,13,2,1------------,1
1410999,6,7,13,11-1---------,1
1410950,7,13,11,11-----------,1
1410926,8,13,1,11-1---------,1
1409515,2,9,13,11-----------,1
1409473,8,10,13,11-----------,1
1409431,8,13,9,11-----------,1
1405127,7,10,13,-1-1---------,1
1403760,10,13,4,11-----------,1
1403717,2,13,9,11-----------,1
1402382,6,5,13,-----1-------,0
1397841,7,3,13,-----------1-,1
1397814,6,13,2,-----------1-,1
1393708,6,13,9,-----1-------,0
1393705,2,13,7,-1-1---------,1
1393670,8,13,4,-1-1---------,1
1393538,8,7,13,-1-1---------,1
1393529,6,9,13,-----------1-,1
1392239,6,7,13,------1------,0
1391841,7,4,13,-----1-------,0
1391815,3,4,13,-----1-------,0
1391771,6,13,4,-----1-------,0
1390827,8,13,9,11-1---------,1
1390786,10,11,13,11-1---------,1
1390751,6,2,13,11-1---------,1
1389362,7,6,13,11-----------,1
1389310,8,16,13,11-----------,1
1389050,6,13,10,-----------1-,1
1387779,6,4,13,-----------1-,0
1387748,9,1,13,-----------1-,0
1386397,8,13,5,1------------,1
1386392,6,2,13,-----------1-,0
1386362,8,13,5,-----------1-,0
1386071,8,13,7,-----1-------,0
1384665,9,13,11,-----------1-,0
1384624,3,13,2,-----------1-,0
1384584,9,8,13,-----------1-,0
1383596,8,16,14,-----1-------,0
1383586,10,10,13,1111---------,1
1383545,3,10,13,1111---------,1
1383458,7,16,14,1--1---------,1
1383458,6,11,13,-----------1-,0
1383424,8,13,4,-----------1-,0
1383231,9,13,5,-----1-------,0
1382995,3,13,16,11-----------,1
1380888,9,9,13,--11---------,0
1380379,8,16,14,------1------,1
1380340,6,9,13,------1------,1
1380297,9,11,13,------1------,1
1379281,2,13,16,11-----------,1
1379222,10,14,16,11-----------,1
1379000,8,8,13,-----------1-,0
1376426,9,13,7,11-----------,1
1376374,8,16,13,11-----------,1
1376336,10,13,5,11-----------,1
1374800,8,8,13,-----------1-,0
1374544,9,11,13,-----1-------,0
1371869,11,13,11,-------1-----,0
1371832,11,13,6,-------1-----,0
1371635,7,16,14,-----------1-,0
1370784,2,10,13,--1----------,0
1370664,9,16,13,11-1---------,1
1370640,6,13,11,------1------,1
1370614,9,13,11,11-----------,1
1370600,2,10,13,------1------,0
1370222,6,13,10,-----1-------,0
1370040,6,13,11,------1------,1
1369044,6,10,13,-----------1-,0
1369007,7,13,6,-----------1-,0
1367157,3,13,8,------1------,0
1366161,9,6,13,-----------1-,0
1364882,8,16,13,------1------,1
1364749,2,13,10,-----------1-,0
1363429,10,7,13,11-1---------,1
1361879,8,6,13,11-1---------,1
1361825,7,6,13,11-1---------,1
1361788,10,9,13,11-----------,1
1360660,9,15,15,11-1---------,1
1360601,10,16,12,11-1---------,1
1360544,8,16,14,11-1---------,1
1359146,8,14,16,11-1-----1---,1
1359114,10,4,13,11-1-----1---,1
1359083,9,2,13,11-1-----1---,1
1358959,8,11,13,------1------,1
1358919,7,7,13,------1------,1
1358624,3,16,12,------1------,1
1358584,6,9,13,------1------,1
1358525,8,13,11,------1------,1
1356449,8,13,10,------------1,0
1355753,6,13,9,------1------,0
1355728,9,13,2,------1------,0
1354801,10,13,7,11--------1--,1
1354761,3,13,9,11-----------,1
1354721,9,13,7,11-----------,1
1354402,12,13,9,------1------,0
1353341,8,13,7,11-----------,1
1353332,6,13,5,----------1--,0
1353297,8,4,13,----------1--,0
1351434,6,10,13,-------1-----,0
1350588,2,4,13,1-1----------,1
1350567,1,13,8,------1------,0
1350547,8,7,13,111--------1-,1
1350502,9,13,9,11---------1-,1
1349008,2,13,11,11-1---------,1
1348963,8,10,13,1--1---------,1
1347125,8,7,13,------1------,1
1346193,6,13,3,------1------,0
1346193,7,13,4,-----1-------,0
1346142,2,10,13,11-1-----1---,1
1346099,8,13,8,1--1-----1---,1
1344757,8,7,13,--1----------,0
1343397,1,1,13,------1------,0
1343368,8,4,13,------1------,0
1343332,3,11,13,------1------,0
1343195,2,13,7,11-1------1--,1
1343154,2,8,13,-1-1------1--,1
1339901,8,13,7,------1------,1
1338476,6,11,13,------1------,1
1337548,6,13,10,------1------,0
1337510,7,13,9,------1------,0
1337476,6,8,13,1111---------,1
1337431,9,13,9,11-1---------,1
1337403,9,3,13,11-1---------,0
1336129,9,13,10,--1---------1,0
1336044,2,13,8,11-1---------,0
1334622,9,13,8,11-1---------,0
1334145,8,13,10,------1------,1
1333201,8,13,7,--1----------,0
1331687,6,13,5,------1------,1
1331644,10,8,13,------1------,0
1331613,6,6,13,------1------,0
1331551,8,15,15,------1------,0
1331479,9,13,7,------1------,0
1331414,6,11,13,------1------,0
1331181,8,13,5,------1------,0
1329848,2,13,10,------1------,0
1329804,6,10,13,------1------,0
1329778,7,1,13,------1------,0
1328901,9,13,3,11-1---------,0
1328840,8,16,14,11-----------,0
1328808,10,5,13,11-----------,0
1328746,9,13,7,-----1-------,0
1327209,10,5,13,------1------,0
1325998,6,10,13,11-----------,0
1325960,3,2,13,11-1---------,0
1325561,6,8,13,------1------,0
1325434,6,13,10,------1------,0
1324708,6,10,13,------1------,0
1324625,8,13,5,------1------,0
1324470,10,13,10,11-1---------,0
1324429,7,9,13,11-1---------,0
1324260,8,13,6,------1------,0
1324225,6,13,6,------1------,0
1324190,8,13,5,------1------,0
1324109,9,15,15,------1------,0
1324074,3,13,5,------1------,0
1321513,3,5,13,11-1-------1-,0
1321466,8,7,13,11-1-------1-,0
1320124,6,9,13,11-----------,0
1320084,6,13,6,11-----------,0
1320054,8,13,5,11-----------,0
1318820,6,13,7,11-1---------,0
1318790,6,13,3,11-1---------,0
1318240,8,7,13,------1------,0
1317371,6,13,5,------1------,0
1316795,1,13,4,------1------,0
1316749,1,11,13,------1------,0
1315338,11,6,13,------1------,0
1314436,8,13,7,11-1---------,1
1314381,11,12,16,11-1---------,1
1313951,10,10,13,------1------,0
1313063,10,13,4,1111-------1-,1
1313019,9,10,13,1111---------,1
1312990,2,4,13,11-1---------,1
1312885,2,4,13,------1------,1
1312637,8,13,1,-----1-------,1
1311538,9,15,15,------1------,1
1311525,8,9,13,11-1-------1-,1
1311499,6,13,9,------1------,1
1311493,6,5,13,11-1-------1-,1
1311461,8,8,13,------1------,1
1311406,10,13,11,------1------,1
1311093,8,13,7,------1------,1
1309857,10,15,15,------1------,1
1308215,6,10,13,------1------,1
1308175,8,13,8,------1------,1
1307286,10,13,9,11-1---------,1
1307246,2,13,7,11-1---------,1
1307242,7,13,9,------1------,1
1307204,8,7,13,------1------,1
1307204,2,13,10,11-1---------,1
1307009,6,6,13,------1------,1
1306973,8,13,5,------1------,1
1305841,7,13,6,1--1---------,1
1305394,8,12,16,------1------,1
1305351,8,13,8,------1------,1
1305275,2,16,13,------1------,1
1304411,2,13,7,1111-------1-,1
1304364,11,13,7,11-1-------1-,1
1302958,2,13,5,11-1---------,1
1302913,10,7,13,11-----------,1
1300150,9,11,13,-----1-------,1
1300036,9,15,15,11-----------,1
1298437,11,11,13,-----1-------,1
1298228,6,13,9,-----1-------,1
1298222,9,10,13,------1------,1
