1790300350,8,13,0,--1-1,1
1790126613,8,13,7,--1-1,1
1790124128,6,13,7,1-1-1,1
1790036470,8,13,8,1111-,1
1790034170,8,9,13,1111-,1
1790031473,5,8,13,11-1-,1
1789948078,2,4,13,11111,1
1789946239,3,2,13,11111,1
1789852334,8,13,3,1----,1
1789850742,8,13,4,1----,1
1789794679,2,13,7,111-1,1
1789792256,3,6,13,--1-1,1
1789790494,8,13,3,--1-1,1
1789788632,6,13,4,--1--,1
1789773428,8,13,9,11---,1
1789771124,3,9,13,111--,1
1789696122,7,14,16,--1-1,1
1789612350,8,13,7,--1-1,1
1789609400,7,11,13,--1-1,1
1789347577,3,8,13,1111-,1
1789345397,8,7,13,1111-,1
1789321555,9,13,5,1-1-1,1
1789316702,2,8,13,1-1-1,1
1789186509,8,11,13,--1-1,1
1789184652,7,13,1,--111,1
1789182208,6,13,9,--111,1
1788814940,9,16,14,1111-,1
1788802098,8,13,10,11111,1
1788798599,9,9,13,11-1-,1
1788790191,3,13,7,11-1-,1
1788754323,2,11,13,11111,1
1788752620,8,4,13,11111,1
1788749872,5,13,11,11111,1
1788747507,3,10,13,11111,1
1788743222,5,5,13,1111-,1
1788739783,2,8,13,1111-,1
1788669490,2,13,9,--111,1
1788667655,5,13,3,--111,0
1788664986,7,9,13,--111,1
1788662505,3,11,13,--111,1
1788640946,3,11,4,1-11-,1
1788637691,2,16,12,1--1-,1
1788586238,2,16,13,111-1,1
1788583710,7,13,10,111-1,1
1788581211,5,13,11,111-1,1
1788578449,8,13,9,111-1,1
1788575845,2,7,13,111-1,1
1788573293,7,6,13,111-1,1
1788567584,9,13,4,11--1,1
1788564659,9,7,13,1-1-1,1
1788490739,6,9,13,--1-1,1
1788488788,7,13,5,--1-1,1
1788486793,9,13,6,--1-1,1
1788374015,9,13,9,1----,1
1788306064,8,13,5,--1-1,0
1788285836,2,13,9,1----,1
1788137638,9,5,13,11111,1
1788134742,7,10,13,1111-,1
1788132458,2,6,13,-111-,1
1788129360,8,11,13,-1-1-,1
1787972458,2,2,6,111-1,1
1787969968,5,13,11,111-1,1
1787968199,5,13,4,111-1,1
1787966906,7,11,1,111-1,1
1787881077,6,11,13,--1-1,0
1787797885,8,4,13,--1-1,0
1787793896,7,6,13,--1-1,0
1787791414,8,13,6,--1-1,0
1787702569,8,7,13,11---,1
1787700895,2,13,4,11---,1
1787533648,2,13,11,11-1-,1
1787531601,5,6,13,11-1-,1
1787431456,9,13,9,1----,1
1787429319,8,13,7,1----,1
1787427982,9,13,1,1----,1
1787368563,2,13,7,-11--,1
1787366909,7,13,4,-11--,1
1787364193,8,11,13,1111-,1
1786824069,3,13,5,11---,1
1786747443,8,12,16,11-1-,1
1786744788,3,8,13,11---,1
1786318025,9,16,14,11-1-,1
1785961440,6,14,16,1----,0
1785878472,5,13,4,1----,0
1785111172,8,11,13,1111-,0
1785109161,3,13,4,1111-,0
1785033250,7,2,13,11-1-,0
1784592858,8,7,13,11-1-,0
1784590436,7,13,5,11-1-,0
1784508249,5,14,16,11-1-,0
1784506075,2,13,7,11-1-,0
1784482588,7,5,13,-1---,0
1784482333,8,0,2,-1---,0
1784480453,7,13,4,-1---,0
1784408316,8,6,13,11-1-,0
1784399657,9,13,10,11---,0
1784334840,5,13,7,11---,0
1784237994,8,7,13,11---,0
1784236470,7,13,1,11---,0
1784234098,2,10,13,11---,0
1784154348,9,6,13,11---,0
1783794506,5,10,13,11-1-,0
1783791928,5,13,8,11-1-,0
1783642238,8,13,9,1111-,0
1783640466,5,4,13,1111-,0
1782596896,8,6,13,11-1-,1
1782594292,8,11,13,11-1-,1
1782591207,10,8,13,11---,1
1781977520,9,16,14,11-1-,1
1781974448,8,15,15,11-1-,1
1781829508,11,3,13,111--,0
1781827781,7,2,13,111--,1
1781825040,8,13,10,11---,1
1781741473,2,8,13,--1--,0
1781739076,12,12,12,--1--,0
1781484283,10,13,10,1111-,1
1781482034,10,8,13,1111-,1
1781223860,7,2,8,11-1-,1
1781221849,9,6,13,11-1-,1
1780712043,9,13,6,11-1-,1
1780709295,7,6,13,11-1-,1
1780590800,2,10,13,11-1-,1
1780587716,7,13,6,11-1-,1
1780584416,9,13,10,-1---,1
1780175513,2,13,10,11-1-,1
1780173233,3,13,9,11-1-,1
1780170584,2,4,13,11---,1
1779845720,9,9,13,11---,1
1779843167,9,4,13,11-1-,1
1779811067,2,16,14,11---,1
1779805462,8,13,2,11---,1
1779742633,7,2,13,-1---,1
1779740822,7,2,13,-1---,1
1779735699,9,8,13,-1---,1
1779662505,7,13,3,11---,1
1779654903,10,13,4,11---,1
1779652269,3,6,13,11---,1
1779635913,6,2,13,11---,1
1779575450,7,15,15,11---,1
1779565787,10,13,7,11---,1
1779403080,10,16,13,11-1-,1
1779400641,8,8,13,11-1-,1
1779319845,5,13,11,1----,0
1779028247,2,13,16,11---,1
1779026224,8,7,10,11---,1
1778982043,3,13,6,11-1-,1
1778979982,2,13,8,11-1-,1
1778938799,7,13,11,11-1-,1
1778936644,2,13,4,11-1-,1
1778899875,10,7,13,11-1-,1
1778804772,9,11,13,11---,1
1778802579,8,13,6,11---,1
1778799620,7,13,11,11---,1
1778706791,5,13,9,1----,0
1778705300,5,13,3,1----,0
1778606458,8,13,9,-1---,1
1778459648,7,11,13,11-1-,1
1778457098,10,13,11,11-1-,1
1778434498,7,16,14,-1---,1
1778421567,8,13,7,11---,1
1778290891,8,13,11,-1-1-,1
1777851508,10,13,16,11-1-,1
1777848623,9,10,13,11---,1
1777842414,2,13,9,11-1-,1
1777672869,10,13,5,11---,1
1777671272,8,3,13,11---,1
1777604951,9,13,5,11-1-,1
1777602431,7,13,11,11-1-,1
1777599924,5,13,11,11-1-,0
1777213838,2,10,13,-1---,1
1777212096,8,13,2,-1---,1
1777139472,7,13,9,11---,1
1777134740,2,13,8,11---,1
1777068517,8,4,13,1--1-,1
1776989880,3,11,13,11---,1
1776986394,7,13,9,11---,1
1776980174,8,9,13,-1---,1
1776739829,8,13,11,11-1-,1
1776737296,3,13,9,11-1-,1
1776713492,2,15,15,-1-1-,1
1776645444,10,13,11,11-1-,1
1776608202,9,16,14,-1---,1
1776607211,6,1,8,-1---,1
1776548251,9,13,10,-1---,1
1776546439,2,4,13,-1---,1
1776037258,8,6,13,11-1-,1
1776023508,8,13,11,-1---,1
1776015431,3,13,5,-1---,1
1776010849,6,11,13,-1---,1
1775961312,3,6,13,-1---,1
1775855996,8,1,9,11---,1
1775853375,8,10,13,-1---,1
1775846980,2,13,9,-1---,1
1775844678,8,3,13,-1---,1
1775655544,6,8,13,-1---,1
1775586586,8,15,15,-1---,1
1775583660,8,13,11,-1---,1
1775579331,3,13,7,-1---,1
1775577625,8,13,2,-1---,1
1775572050,8,13,10,-1---,1
1775433578,10,13,7,11-1-,1
1775196151,8,8,13,11---,1
1775175981,10,14,16,11---,1
1774830927,8,4,13,11-1-,1
1774828589,9,7,13,11-1-,1
1774825757,7,11,13,11-1-,1
1774822631,3,13,7,-1---,1
1774800213,10,10,13,-1---,1
1774795962,2,3,13,-1---,1
1774793405,9,10,13,-1---,1
1774735781,6,13,2,1----,1
1774659930,6,7,13,11-1-,1
1774656970,7,13,11,11---,1
1774655538,8,13,1,11-1-,1
1774570914,2,9,13,11---,1
1774568384,8,10,13,11---,1
1774565836,8,13,9,11---,1
1774307645,7,10,13,-1-1-,1
1774225583,10,13,4,11---,1
1774223021,2,13,9,11---,1
1773622278,2,13,7,-1-1-,1
1773620194,8,13,4,-1-1-,1
1773612295,8,7,13,-1-1-,1
1773449617,8,13,9,11-1-,1
1773447132,10,11,13,11-1-,1
1773445037,6,2,13,11-1-,1
1773361739,7,6,13,11---,1
1773358593,8,16,13,11---,1
1773183840,8,13,5,1----,1
1773015170,10,10,13,1111-,1
1773012716,3,10,13,1111-,1
1773007486,7,16,14,1--1-,1
1772979713,3,13,16,11---,1
1772853253,9,9,13,--11-,0
1772756862,2,13,16,11---,1
1772753310,10,14,16,11---,1
1772585583,9,13,7,11---,1
1772582450,8,16,13,11---,1
1772580183,10,13,5,11---,1
1772247030,2,10,13,--1--,0
1772239827,9,16,13,11-1-,1
1772236863,9,13,11,11---,1
1771805726,10,7,13,11-1-,1
1771712721,8,6,13,11-1-,1
1771709489,7,6,13,11-1-,1
1771707274,10,9,13,11---,1
1771639608,9,15,15,11-1-,1
1771636075,10,16,12,11-1-,1
1771632662,8,16,14,11-1-,1
1771548754,8,14,16,11-1-,1
1771546818,10,4,13,11-1-,1
1771544974,9,2,13,11-1-,1
1771288036,10,13,7,11---,1
1771285684,3,13,9,11---,1
1771283276,9,13,7,11---,1
1771200467,8,13,7,11---,1
1771035269,2,4,13,1-1--,1
1771032843,8,7,13,111--,1
1771030116,9,13,9,11---,1
1770940479,2,13,11,11-1-,1
1770937759,8,10,13,1--1-,1
1770768530,2,10,13,11-1-,1
1770765925,8,13,8,1--1-,1
1770685437,8,7,13,--1--,0
1770591671,2,13,7,11-1-,1
1770589241,2,8,13,-1-1-,1
1770248565,6,8,13,1111-,1
1770245852,9,13,9,11-1-,1
1770244196,9,3,13,11-1-,0
1770167743,9,13,10,--1--,0
1770162610,2,13,8,11-1-,0
1770077319,9,13,8,11-1-,0
1769992078,8,13,7,--1--,0
1769734056,9,13,3,11-1-,0
1769730429,8,16,14,11---,0
1769728463,10,5,13,11---,0
1769559890,6,10,13,11---,0
1769557600,3,2,13,11-1-,0
1769468214,10,13,10,11-1-,0
1769465749,7,9,13,11-1-,0
1769299054,7,12,12,--1--,0
1769290765,3,5,13,11-1-,0
1769287943,8,7,13,11-1-,0
1769207444,6,9,13,11---,0
1769205068,6,13,6,11---,0
1769203213,8,13,5,11---,0
1769129218,6,13,7,11-1-,0
1769127388,6,13,3,11-1-,0
1768866151,8,13,7,11-1-,1
1768862836,11,12,16,11-1-,1
1768783805,10,13,4,1111-,1
1768781127,9,10,13,1111-,1
1768779380,2,4,13,11-1-,1
1768691501,8,9,13,11-1-,1
1768689574,6,5,13,11-1-,1
1768437154,10,13,9,11-1-,1
1768434747,2,13,7,11-1-,1
1768432262,2,13,10,11-1-,1
1768350482,7,13,6,1--1-,1
1768264688,2,13,7,1111-,1
1768261851,11,13,7,11-1-,1
1768177463,2,13,5,11-1-,1
1768174767,10,7,13,11---,1
1768002182,9,15,15,11---,1
1767832202,11,13,9,11-1-,1
1767830414,10,13,3,11-1-,1
1767827404,10,13,8,11-1-,1
1767748185,8,10,13,-111-,1
1767744120,2,13,9,11-1-,1
1767661629,8,0,9,11-1-,1
1767656286,9,3,13,11-1-,1
1767653095,10,13,11,11-1-,1
1767561655,8,13,7,-1---,1
1767501354,6,13,4,1--1-,1
1767468957,11,12,16,1-1--,1
1767467226,2,5,13,1-11-,1
1767410432,9,11,13,1111-,1
1767408506,2,7,13,1111-,1
1767397981,8,5,13,11---,1
1767396014,9,13,5,11---,1
1767216517,7,8,13,11---,1
1767212164,11,14,16,1-11-,1
1767133953,6,13,11,11-1-,1
1767131416,8,6,13,11---,1
1766891360,9,11,13,-111-,1
1766889309,9,13,4,-111-,1
1766886833,8,13,10,-1-1-,1
1766712458,10,13,9,-111-,1
1766710058,2,13,9,-111-,1
1766708313,2,6,13,-111-,1
1766542563,8,13,10,--11-,1
1766334028,10,13,10,-1-1-,1
1765933810,10,8,13,11---,1
1765931777,9,5,13,11---,1
1765929678,6,5,13,11---,1
1765846609,8,7,13,-111-,1
1765842479,10,13,9,-111-,1
1765675206,11,11,13,--11-,1
1765591017,10,15,15,111--,1
1765502806,2,13,11,1111-,1
1765499848,8,10,13,11-1-,1
1765496010,2,2,13,11---,1
1765494494,11,13,2,11---,1
1765327828,7,3,13,11-1-,1
1765322668,7,9,13,11-1-,1
1765319497,9,13,11,11-1-,1
1765057893,10,11,13,11---,1
1764988616,7,13,10,1--1-,1
1764985906,10,6,13,11-1-,1
1764980844,10,7,13,11-1-,1
1764893590,10,16,12,--1--,1
1764811989,9,9,13,11-1-,1
1764809356,10,13,8,11---,1
1764638397,8,11,13,1-11-,1
1764636011,2,13,9,1--1-,1
1764549752,11,13,10,1111-,1
1764548085,8,3,13,1111-,1
1764545928,6,5,13,1111-,1
1764208797,2,13,8,1--1-,1
1764206758,9,7,13,1--1-,1
1763926753,2,13,11,-1-1-,1
1763922740,8,15,15,-1-1-,1
1763835077,10,9,13,1--1-,1
1763831651,2,16,13,1--1-,1
1763605259,8,13,10,11-1-,1
1763603203,10,13,2,11-1-,1
1763338311,6,10,13,1111-,1
1763334990,9,16,12,11---,1
1763332422,10,13,8,11---,1
1763172850,10,13,8,1111-,1
1763170276,2,10,13,1111-,1
1763167241,8,6,13,11-1-,1
1763084475,9,13,10,1111-,1
1763081285,2,11,13,11---,1
1763078629,6,11,13,11---,1
1762472114,2,13,10,11---,1
1762470239,8,13,1,11---,1
1762130178,2,11,13,11-1-,1
1761868487,10,11,13,11-1-,1
1761865682,2,16,14,11-1-,1
1761862849,10,13,2,11-1-,1
1761769488,7,13,7,1----,1
1761690093,8,13,3,1----,1
1761521713,10,3,13,1111-,1
1761519403,2,8,13,111--,1
1761516228,9,13,5,-111-,1
1761411700,6,9,13,11-1-,1
1761409387,8,6,13,1--1-,1
1761406067,2,14,16,1--1-,1
1761359727,8,10,13,1111-,1
1761357348,9,13,7,1111-,1
1761353999,10,16,14,1111-,1
1761352373,8,3,13,1111-,1
1761327873,9,13,4,--1--,1
1761265562,9,5,13,1-11-,1
1761263169,10,13,7,1-11-,1
1761176615,9,13,8,11---,1
1760912458,8,4,13,11-1-,1
1760834841,9,13,8,-1-1-,1
1760826781,9,13,2,11---,1
1760809753,10,11,13,11---,1
1760663600,6,13,8,--11-,1
1760661333,10,7,13,--11-,1
1760392995,2,8,13,1--1-,1
1760316086,10,6,13,11-1-,1
1760314048,8,13,7,11-1-,1
1760311305,11,13,7,11-1-,1
1760308886,2,13,8,-111-,1
1760306551,9,9,13,-111-,1
1760199466,8,11,13,1--1-,1
1760149020,9,7,13,1111-,1
1760145770,8,14,16,1111-,1
1760143998,2,13,3,11-1-,1
1760142096,8,13,5,11-1-,1
1760046143,8,10,13,1----,0
1759868570,10,11,13,1----,1
1759702408,8,12,1,11---,1
1759699955,2,13,8,111--,1
1759697044,2,10,13,-11--,1
1759688377,7,5,13,-1---,1
1759605094,8,13,8,11---,1
1759602424,7,9,13,11---,1
1759547197,7,13,9,11-1-,1
1759544880,9,13,7,11-1-,1
1759521177,9,13,11,111--,1
1759514580,8,13,5,-11--,1
1759510520,6,7,13,-11--,1
1759508692,9,3,13,-11--,1
1759367878,6,8,13,--1--,0
1759365331,8,12,12,--1--,0
1759285187,6,16,14,--1--,1
1759284684,10,5,0,--1--,1
1759282663,7,13,6,--1--,1
1759280583,2,13,8,--1--,1
1759276981,10,14,16,--1--,1
1759196557,6,10,13,--1--,0
1759194173,6,11,13,--1--,0
1759093667,11,9,13,11---,1
1759090567,9,13,16,11---,1
1758993808,8,9,13,111--,1
1758992005,11,6,13,111--,1
1758984759,7,2,10,11-1-,1
1758940873,7,0,13,-111-,1
1758937851,7,16,12,-111-,1
1758935085,10,13,11,-111-,1
1758902988,7,10,13,-1---,1
1758844717,6,9,13,11---,1
1758842769,7,13,2,11---,1
1758499954,8,7,13,-111-,1
1758499312,9,0,4,-111-,1
1758496549,9,13,6,1111-,1
1758494284,2,13,7,111--,1
1758491399,6,8,13,11-1-,1
1758491320,9,13,11,--1--,1
1758336517,10,8,13,11-1-,1
1758334617,6,13,4,11-1-,1
1758333077,2,13,2,11-1-,1
1758314653,8,15,15,11---,1
1758043428,10,7,13,--1--,1
1757982778,6,10,13,--1--,1
1757979344,10,14,16,--1--,1
1757968779,10,13,11,1----,1
1757886886,11,0,13,1111-,1
1757877211,9,13,7,11---,1
1757874642,2,13,11,11-1-,1
1757812932,7,7,7,111--,1
1757809280,8,16,14,111--,1
1757728495,2,4,13,-1-1-,1
1757714881,8,16,12,11---,1
1757707652,2,13,9,1-1--,1
1757607877,9,13,6,--1--,1
1757536288,7,2,13,1----,1
1757467254,2,8,13,--1--,0
1757465444,6,13,7,--1--,0
1757463235,7,4,13,--1--,1
1757461059,8,13,4,--1--,1
1757449612,8,13,2,1----,1
1757292338,10,13,8,1111-,1
1757290511,8,13,6,1111-,1
1757288651,9,6,13,1111-,1
1757191661,7,13,11,11---,1
1757118861,6,7,13,11---,1
1757115597,10,8,13,11---,1
1756857068,6,16,14,----1,0
1756774068,7,13,11,--1--,0
1756759178,8,13,3,1----,1
1756690459,9,8,13,1111-,1
1756687494,2,9,13,1111-,1
1756525374,11,13,6,111--,1
1756511919,6,13,6,11---,1
1756509421,8,13,7,11---,1
1756339510,7,13,7,11---,1
1756337214,11,10,13,11---,1
1756244651,2,13,6,11---,1
1756242672,8,6,13,11---,1
1756170710,8,8,13,1-1--,1
1756169174,2,4,13,1-1--,1
1756081242,9,13,9,-111-,1
1755970490,9,8,13,1--1-,1
1755967412,7,10,13,11---,1
1755831713,6,11,2,--1--,0
1755829161,8,8,13,--1--,0
1755827150,7,4,13,--1--,0
1755825683,6,5,13,--1--,0
1755810894,8,13,9,1----,1
1755737816,10,13,10,--11-,1
1755736075,2,1,13,--11-,1
1755474813,7,5,13,111--,1
1755471585,2,16,14,111--,1
1755465003,9,13,10,1-11-,1
1755462549,6,8,13,1-11-,1
1754872940,7,10,13,1111-,1
1754870069,11,6,13,1111-,1
1754868189,2,13,7,1111-,1
1754860493,8,7,13,1-1--,1
1754695848,2,13,8,11---,1
1754694224,11,13,2,11---,1
1754686766,2,6,13,1----,1
1754682895,9,13,9,1-1--,1
1754602201,6,9,13,1----,1
